Data,Bairro,Municipio,Volume_Real,Volume_Previsto,Erro,Erro_Abs
2025-05-01,BAIRRO DE FATIMA,SERRA,2,1.9880259476210762,0.011974052378923794,0.011974052378923794
2025-05-01,BALNEARIO MEAIPE,GUARAPARI,1,1.0,0.0,0.0
2025-05-01,BARCELONA,SERRA,1,1.0,0.0,0.0
2025-05-01,BARRA DO JUCU,VILA VELHA,1,1.0,0.0,0.0
2025-05-01,CARAPINA,SERRA,3,3.1377665597465234,-0.1377665597465234,0.1377665597465234
2025-05-01,CASTELO BRANCO,CARIACICA,1,1.0,0.0,0.0
2025-05-01,CENTRAL CARAPINA,SERRA,13,13.020928571428572,-0.02092857142857163,0.02092857142857163
2025-05-01,CENTRO VILA VELHA,VILA VELHA,9,8.953333333333333,0.046666666666666856,0.046666666666666856
2025-05-01,CHACARA PARREIRAL,SERRA,2,2.046148247885133,-0.04614824788513294,0.04614824788513294
2025-05-01,CIDADE POMAR,SERRA,1,1.0,0.0,0.0
2025-05-01,CIVIT II,SERRA,1,1.0,0.0,0.0
2025-05-01,COBILANDIA,VILA VELHA,1,1.0,0.0,0.0
2025-05-01,CRUZEIRO DO SUL,CARIACICA,1,1.0,0.0,0.0
2025-05-01,FORTE SAO JOAO,VITORIA,5,5.176892832996134,-0.1768928329961339,0.1768928329961339
2025-05-01,GLORIA,VILA VELHA,1,1.0,0.0,0.0
2025-05-01,ITAPOA,VILA VELHA,3,3.0383217186769342,-0.038321718676934236,0.038321718676934236
2025-05-01,JARDIM AMERICA,CARIACICA,7,7.323241187384045,-0.3232411873840446,0.3232411873840446
2025-05-01,LARANJEIRAS VELHA,SERRA,4,3.8744428538674147,0.12555714613258528,0.12555714613258528
2025-05-01,OPERARIO,CARIACICA,4,3.8510349634734773,0.1489650365265227,0.1489650365265227
2025-05-01,OUTRO LOCAL,CARIACICA,1,1.0,0.0,0.0
2025-05-01,OUTRO LOCAL,VILA VELHA,5,5.005127260515797,-0.005127260515797261,0.005127260515797261
2025-05-01,PARQUE JACARAIPE,SERRA,4,3.986802436943078,0.01319756305692188,0.01319756305692188
2025-05-01,PRAIA DA COSTA,VILA VELHA,1,1.0,0.0,0.0
2025-05-01,PRAIA DO CANTO,VITORIA,1,1.0,0.0,0.0
2025-05-01,PRIMEIRO DE MAIO,VILA VELHA,4,4.150866569342361,-0.15086656934236142,0.15086656934236142
2025-05-01,RESIDENCIAL CENTRO DA SERRA,SERRA,2,1.9853802380391616,0.014619761960838362,0.014619761960838362
2025-05-01,SANTA CECILIA,CARIACICA,1,1.0,0.0,0.0
2025-05-01,SAO GERALDO,SERRA,2,2.0114081078321675,-0.011408107832167502,0.011408107832167502
2025-05-01,SAO GERALDO,SERRA,4,3.931485400204758,0.06851459979524188,0.06851459979524188
2025-05-01,TIRADENTES,CARIACICA,1,1.0,0.0,0.0
2025-05-01,VILA PALESTINA,CARIACICA,1,1.0,0.0,0.0
2025-05-01,VILA RUBIM,VITORIA,1,1.0,0.0,0.0
2025-05-02,AEROPORTO,VITORIA,1,1.0,0.0,0.0
2025-05-02,BOA VISTA,SAO MATEUS,1,1.0,0.0,0.0
2025-05-02,BOA VISTA II,VILA VELHA,1,1.0,0.0,0.0
2025-05-02,BRISAMAR,VILA VELHA,6,5.995697735211231,0.004302264788768717,0.004302264788768717
2025-05-02,CAMPO DA LEOPOLDINA,CACHOEIRO DE ITAPEMIRIM,1,1.0,0.0,0.0
2025-05-02,CAMPO GRANDE,CARIACICA,3,3.099973690845127,-0.0999736908451272,0.0999736908451272
2025-05-02,CASTELANDIA,SERRA,3,3.0426611298295803,-0.04266112982958026,0.04266112982958026
2025-05-02,CENTRO,DOMINGOS MARTINS,5,5.057589679695336,-0.05758967969533568,0.05758967969533568
2025-05-02,CENTRO,GUARAPARI,3,3.119856382736341,-0.1198563827363408,0.1198563827363408
2025-05-02,CENTRO,VITORIA,2,2.0351168096920254,-0.03511680969202535,0.03511680969202535
2025-05-02,CENTRO,VITORIA,19,15.132380952380952,3.8676190476190477,3.8676190476190477
2025-05-02,CENTRO VILA VELHA,VILA VELHA,1,1.0,0.0,0.0
2025-05-02,COBILANDIA,VILA VELHA,3,3.0400737504622954,-0.04007375046229544,0.04007375046229544
2025-05-02,CRUZEIRO DO SUL,CARIACICA,1,1.0,0.0,0.0
2025-05-02,GOIABEIRAS,VITORIA,1,1.0,0.0,0.0
2025-05-02,GOIABEIRAS,VITORIA,1,1.0,0.0,0.0
2025-05-02,ILHA DO BOI,VITORIA,1,1.0,0.0,0.0
2025-05-02,INTERLAGOS,LINHARES,1,1.0,0.0,0.0
2025-05-02,JARDIM ASTECA,VILA VELHA,1,1.0,0.0,0.0
2025-05-02,JARDIM CAMBURI,VITORIA,5,5.6853259906244125,-0.6853259906244125,0.6853259906244125
2025-05-02,JARDIM TROPICAL,SERRA,3,2.9779506662170627,0.022049333782937275,0.022049333782937275
2025-05-02,JARDIM TROPICAL,SERRA,8,8.10625,-0.10624999999999929,0.10624999999999929
2025-05-02,JOANA DARC,VITORIA,1,1.0,0.0,0.0
2025-05-02,JOCKEY DE ITAPARICA,VILA VELHA,1,1.0,0.0,0.0
2025-05-02,JUCU,VIANA,1,1.0,0.0,0.0
2025-05-02,LARANJEIRAS VELHA,SERRA,1,1.0,0.0,0.0
2025-05-02,MANOEL PLAZA,SERRA,2,1.9740489532131684,0.025951046786831578,0.025951046786831578
2025-05-02,MARBRASA,CACHOEIRO DE ITAPEMIRIM,1,1.0,0.0,0.0
2025-05-02,MARIO CYPRESTE,VITORIA,1,1.0,0.0,0.0
2025-05-02,MONTE BELO,VITORIA,1,1.0,0.0,0.0
2025-05-02,MUQUICABA,GUARAPARI,1,1.0,0.0,0.0
2025-05-02,NOSSA SENHORA DA PENHA,VILA VELHA,1,1.0,0.0,0.0
2025-05-02,OUTRO LOCAL,CARIACICA,1,1.0,0.0,0.0
2025-05-02,OUTRO LOCAL,GUARAPARI,6,5.977988450243327,0.022011549756673077,0.022011549756673077
2025-05-02,PARQUE JACARAIPE,SERRA,5,3.927365217417856,1.0726347825821438,1.0726347825821438
2025-05-02,PLANALTO,LINHARES,1,1.0,0.0,0.0
2025-05-02,PRAIA DE CAPUBA,SERRA,9,9.080666666666666,-0.08066666666666578,0.08066666666666578
2025-05-02,SANTA BARBARA,CARIACICA,4,3.992655914756897,0.007344085243103038,0.007344085243103038
2025-05-02,SANTO ANTONIO,VITORIA,6,6.140744806913477,-0.14074480691347713,0.14074480691347713
2025-05-02,TERMINAL INTERMODAL DA SERRA (TIMS),SERRA,2,2.073296615901335,-0.07329661590133485,0.07329661590133485
2025-05-03,AQUIDABAN,CACHOEIRO DE ITAPEMIRIM,2,2.0679518518416753,-0.06795185184167529,0.06795185184167529
2025-05-03,ATAIDE,VILA VELHA,6,6.015467850153762,-0.01546785015376173,0.01546785015376173
2025-05-03,BAIRRO DAS LARANJEIRAS,SERRA,1,1.0,0.0,0.0
2025-05-03,CAMPO GRANDE,CARIACICA,1,1.0,0.0,0.0
2025-05-03,CAMPO GRANDE,CARIACICA,4,4.681487571862547,-0.6814875718625473,0.6814875718625473
2025-05-03,CENTRO,GUARAPARI,6,6.043080404266314,-0.04308040426631443,0.04308040426631443
2025-05-03,CENTRO,ITAPEMIRIM,1,1.0,0.0,0.0
2025-05-03,CENTRO,LINHARES,1,1.0,0.0,0.0
2025-05-03,CENTRO,MANTENOPOLIS,1,1.0,0.0,0.0
2025-05-03,CIDADE DA BARRA,VILA VELHA,1,1.0,0.0,0.0
2025-05-03,CRUZEIRO DO SUL,CARIACICA,7,4.082245634414768,2.917754365585232,2.917754365585232
2025-05-03,ELDORADO,SERRA,3,3.129350971915178,-0.1293509719151782,0.1293509719151782
2025-05-03,ESPLANADA,COLATINA,1,1.0,0.0,0.0
2025-05-03,GLORIA,VILA VELHA,1,1.0,0.0,0.0
2025-05-03,GUARANHUNS,VILA VELHA,1,1.0,0.0,0.0
2025-05-03,ILHA DO PRINCIPE,VITORIA,8,8.766900793650791,-0.766900793650791,0.766900793650791
2025-05-03,ITACIBA,CARIACICA,2,2.1457478842639905,-0.14574788426399055,0.14574788426399055
2025-05-03,ITAPOA,VILA VELHA,1,1.0,0.0,0.0
2025-05-03,JABURUNA,VILA VELHA,1,1.0,0.0,0.0
2025-05-03,JARDIM BOTANICO,CARIACICA,1,1.0,0.0,0.0
2025-05-03,JARDIM DA PENHA,VITORIA,5,5.603742657291081,-0.6037426572910807,0.6037426572910807
2025-05-03,JESUS DE NAZARETH,VITORIA,2,2.0824117259441532,-0.08241172594415325,0.08241172594415325
2025-05-03,JOCKEY DE ITAPARICA,VILA VELHA,1,1.0,0.0,0.0
2025-05-03,OUTRO LOCAL,MARATAIZES,1,1.0,0.0,0.0
2025-05-03,PARQUE JACARAIPE,SERRA,3,3.860538702372678,-0.8605387023726778,0.8605387023726778
2025-05-03,PRAIA DO SUA,VITORIA,8,8.575567460317458,-0.5755674603174583,0.5755674603174583
2025-05-03,SANTA BARBARA,CARIACICA,2,2.1749577602828416,-0.1749577602828416,0.1749577602828416
2025-05-03,TUCUM,CARIACICA,1,1.0,0.0,0.0
2025-05-03,VILA BATISTA,VILA VELHA,1,1.0,0.0,0.0
2025-05-03,VILA BATISTA,VILA VELHA,2,1.9745834919505538,0.025416508049446174,0.025416508049446174
2025-05-03,VILA PALESTINA,CARIACICA,6,6.114442795299937,-0.1144427952999374,0.1144427952999374
2025-05-04,BOA VISTA I,SERRA,2,2.0393875837748356,-0.039387583774835644,0.039387583774835644
2025-05-04,CAMPO GRANDE,CARIACICA,5,3.746010694172345,1.253989305827655,1.253989305827655
2025-05-04,CARAPINA,SERRA,3,3.240764603109683,-0.24076460310968306,0.24076460310968306
2025-05-04,CARAPINA GRANDE,SERRA,1,1.0,0.0,0.0
2025-05-04,CENTRO,CASTELO,1,1.0,0.0,0.0
2025-05-04,CENTRO,MANTENOPOLIS,1,1.0,0.0,0.0
2025-05-04,CENTRO,VITORIA,3,3.148167108858285,-0.148167108858285,0.148167108858285
2025-05-04,CONDURU,CACHOEIRO DE ITAPEMIRIM,1,1.0,0.0,0.0
2025-05-04,CONQUISTA,VITORIA,1,1.0,0.0,0.0
2025-05-04,FORTE SAO JOAO,VITORIA,1,1.8959393155154023,-0.8959393155154023,0.8959393155154023
2025-05-04,GLORIA,VILA VELHA,2,2.0130669439902014,-0.013066943990201363,0.013066943990201363
2025-05-04,GLORIA,VILA VELHA,2,1.9185896553099626,0.08141034469003738,0.08141034469003738
2025-05-04,GOIABEIRAS,VITORIA,6,4.044724231682703,1.9552757683172972,1.9552757683172972
2025-05-04,INTERLAGOS,LINHARES,2,2.0477042352874473,-0.04770423528744727,0.04770423528744727
2025-05-04,ITAPOA,VILA VELHA,7,3.4487434861673605,3.5512565138326395,3.5512565138326395
2025-05-04,JARDIM LIMOEIRO,SERRA,7,7.238333333333333,-0.23833333333333329,0.23833333333333329
2025-05-04,JOCKEY DE ITAPARICA,VILA VELHA,3,2.1008998211286083,0.8991001788713917,0.8991001788713917
2025-05-04,MARGARETH,NOVA VENECIA,1,1.0,0.0,0.0
2025-05-04,MARUIPE,VITORIA,2,2.0339548798942158,-0.03395487989421575,0.03395487989421575
2025-05-04,NOVO HORIZONTE,SAO MATEUS,6,5.994255163825311,0.005744836174688572,0.005744836174688572
2025-05-04,OUTRO LOCAL,CARIACICA,1,1.0,0.0,0.0
2025-05-04,PARQUE RESIDENCIAL LARANJEIRAS,SERRA,1,1.0,0.0,0.0
2025-05-04,PRAIA DE CAPUBA,SERRA,3,3.044460240253419,-0.04446024025341888,0.04446024025341888
2025-05-04,PRAIA DO SUA,VITORIA,1,1.0,0.0,0.0
2025-05-04,SANTA MONICA,VILA VELHA,1,1.0,0.0,0.0
2025-05-04,SAO FRANCISCO,CARIACICA,1,1.0,0.0,0.0
2025-05-04,SAO TORQUATO,VILA VELHA,2,1.9878683305936369,0.012131669406363121,0.012131669406363121
2025-05-04,SOTECO,VILA VELHA,2,2.0220535034582223,-0.022053503458222323,0.022053503458222323
2025-05-05,ALZIRA RAMOS,CARIACICA,1,1.0,0.0,0.0
2025-05-05,ARIBIRI,VILA VELHA,19,16.566626984126984,2.4333730158730162,2.4333730158730162
2025-05-05,ATAIDE,VILA VELHA,1,1.0,0.0,0.0
2025-05-05,BAIMINAS,CACHOEIRO DE ITAPEMIRIM,4,3.9669100482740896,0.03308995172591045,0.03308995172591045
2025-05-05,BAIRRO DAS LARANJEIRAS,SERRA,1,1.0,0.0,0.0
2025-05-05,BARRO VERMELHO,VITORIA,10,11.56193217893218,-1.5619321789321798,1.5619321789321798
2025-05-05,BONFIM,VITORIA,1,1.0,0.0,0.0
2025-05-05,CAMPO BELO,CARIACICA,1,1.0,0.0,0.0
2025-05-05,CAMPO GRANDE,CARIACICA,1,1.0,0.0,0.0
2025-05-05,CAMPO GRANDE,CARIACICA,5,4.896345626828127,0.10365437317187265,0.10365437317187265
2025-05-05,CAMPO GRANDE,CARIACICA,4,3.906859581722624,0.09314041827737585,0.09314041827737585
2025-05-05,CARAPINA,SERRA,3,3.245262746483829,-0.24526274648382884,0.24526274648382884
2025-05-05,CARAPINA GRANDE,SERRA,1,1.0,0.0,0.0
2025-05-05,CASCATA,SERRA,1,1.0,0.0,0.0
2025-05-05,CENTRO,COLATINA,2,1.996950606495797,0.0030493935042030795,0.0030493935042030795
2025-05-05,CENTRO,SAO MATEUS,1,1.0,0.0,0.0
2025-05-05,CENTRO,VITORIA,2,6.8361825396825395,-4.8361825396825395,4.8361825396825395
2025-05-05,CENTRO VILA VELHA,VILA VELHA,1,1.0,0.0,0.0
2025-05-05,COBILANDIA,VILA VELHA,2,2.0285006491005966,-0.028500649100596576,0.028500649100596576
2025-05-05,COLINA DE LARANJEIRAS,SERRA,3,3.287315114055929,-0.28731511405592913,0.28731511405592913
2025-05-05,COQUEIRAL,ARACRUZ,9,9.064357142857142,-0.06435714285714234,0.06435714285714234
2025-05-05,DIVINO ESPIRITO SANTO,VILA VELHA,1,1.0,0.0,0.0
2025-05-05,GURIRI,SAO MATEUS,2,2.0100684901026398,-0.010068490102639771,0.010068490102639771
2025-05-05,ILHA DO PRINCIPE,VITORIA,5,6.319646825396827,-1.319646825396827,1.319646825396827
2025-05-05,INHANGUETA,VITORIA,1,1.0,0.0,0.0
2025-05-05,JOSE RODRIGUES MACIEL,LINHARES,4,3.9506158910084763,0.04938410899152368,0.04938410899152368
2025-05-05,MANOEL PLAZA,SERRA,6,4.067870381637052,1.9321296183629482,1.9321296183629482
2025-05-05,NOVA CARAPINA I,SERRA,1,1.0,0.0,0.0
2025-05-05,NOVA ESPERANCA,LINHARES,1,1.0,0.0,0.0
2025-05-05,NOVA ROSA DA PENHA,CARIACICA,2,2.085903378712644,-0.08590337871264397,0.08590337871264397
2025-05-05,OUTRO LOCAL,ANCHIETA,1,1.0,0.0,0.0
2025-05-05,OUTRO LOCAL,MONTANHA,1,1.0,0.0,0.0
2025-05-05,OUTRO LOCAL,SOORETAMA,1,1.0,0.0,0.0
2025-05-05,PARQUE RESIDENCIAL LARANJEIRAS,SERRA,5,5.033395087616248,-0.0333950876162481,0.0333950876162481
2025-05-05,PARQUE RESIDENCIAL LARANJEIRAS,SERRA,6,4.732260798255251,1.2677392017447486,1.2677392017447486
2025-05-05,PRAIA DA COSTA,VILA VELHA,2,1.8825740135406952,0.1174259864593048,0.1174259864593048
2025-05-05,PRAIA DO MORRO,GUARAPARI,2,2.0079390056095288,-0.00793900560952876,0.00793900560952876
2025-05-05,RIO MARINHO,VILA VELHA,4,4.360006858866676,-0.3600068588666758,0.3600068588666758
2025-05-05,SANTA TEREZA,VITORIA,3,3.330138083987937,-0.33013808398793687,0.33013808398793687
2025-05-05,SANTO ANTONIO,VITORIA,2,2.0807059143378934,-0.08070591433789343,0.08070591433789343
2025-05-05,SAO DIOGO I,SERRA,1,1.0,0.0,0.0
2025-05-05,VILA NOVA,VILA VELHA,2,2.0024815807451124,-0.0024815807451123995,0.0024815807451123995
2025-05-06,ANDRE CARLONI,SERRA,1,1.0,0.0,0.0
2025-05-06,BAIRRO DAS LARANJEIRAS,SERRA,1,1.0,0.0,0.0
2025-05-06,BELA AURORA,CARIACICA,1,1.0,0.0,0.0
2025-05-06,BENTO FERREIRA,VITORIA,2,1.9885275303085215,0.011472469691478526,0.011472469691478526
2025-05-06,BRISAMAR,VILA VELHA,1,1.0,0.0,0.0
2025-05-06,CAMPINA GRANDE,CARIACICA,2,2.0434623424910927,-0.04346234249109271,0.04346234249109271
2025-05-06,CAMPO GRANDE,CARIACICA,8,4.004677628328093,3.9953223716719073,3.9953223716719073
2025-05-06,CAMPO VERDE,CARIACICA,4,3.9031139571103513,0.09688604288964875,0.09688604288964875
2025-05-06,CARAPINA,SERRA,2,2.37776986159835,-0.3777698615983498,0.3777698615983498
2025-05-06,CENTRO,VITORIA,1,1.0,0.0,0.0
2025-05-06,CIDADE DA BARRA,VILA VELHA,1,1.0,0.0,0.0
2025-05-06,FATIMA,SAO MATEUS,2,1.9530843008202146,0.04691569917978544,0.04691569917978544
2025-05-06,GOIABEIRAS,VITORIA,1,1.0,0.0,0.0
2025-05-06,MORADA DE SANTA FE,CARIACICA,5,5.090505650007576,-0.09050565000757604,0.09050565000757604
2025-05-06,MORADA DO SOL,COLATINA,1,1.0,0.0,0.0
2025-05-06,NOVA CAMPO GRANDE,CARIACICA,1,1.0,0.0,0.0
2025-05-06,NOVA ESPERANCA,LINHARES,1,1.0,0.0,0.0
2025-05-06,NOVO MEXICO,VILA VELHA,1,1.0,0.0,0.0
2025-05-06,PAUL,VILA VELHA,1,1.0,0.0,0.0
2025-05-06,PONTAL DO PIRAQUEACU,ARACRUZ,1,1.0,0.0,0.0
2025-05-06,PRAIA DA COSTA,VILA VELHA,1,1.04,-0.040000000000000036,0.040000000000000036
2025-05-06,RIO BONITO,GOVERNADOR LINDENBERG,3,3.0427914939670258,-0.04279149396702575,0.04279149396702575
2025-05-06,RIO MARINHO,CARIACICA,4,4.1381819117069645,-0.13818191170696448,0.13818191170696448
2025-05-06,SANTA MONICA,GUARAPARI,2,2.04939213807804,-0.049392138078040215,0.049392138078040215
2025-05-06,SAO GERALDO,CARIACICA,1,1.0,0.0,0.0
2025-05-06,SAO TORQUATO,VILA VELHA,2,1.9826152685846088,0.017384731415391208,0.017384731415391208
2025-05-06,SAO TORQUATO,VILA VELHA,2,1.9893656102669968,0.010634389733003236,0.010634389733003236
2025-05-06,VILA CAJUEIRO,CARIACICA,1,1.0,0.0,0.0
2025-05-06,VILA CAPIXABA,CARIACICA,3,3.0158476799475324,-0.015847679947532445,0.015847679947532445
2025-05-06,VISTA MAR,CARIACICA,2,2.0503616071428574,-0.05036160714285742,0.05036160714285742
2025-05-07,ATAIDE,VILA VELHA,1,1.348398803381002,-0.34839880338100193,0.34839880338100193
2025-05-07,BAIRRO DAS LARANJEIRAS,SERRA,6,3.018984404626881,2.981015595373119,2.981015595373119
2025-05-07,BARRAMARES,VILA VELHA,2,1.9960665316125983,0.003933468387401717,0.003933468387401717
2025-05-07,CARAPINA,SERRA,1,2.2117691783309983,-1.2117691783309983,1.2117691783309983
2025-05-07,CENTRO,SAO MATEUS,1,1.0,0.0,0.0
2025-05-07,CENTRO VILA VELHA,VILA VELHA,1,1.0,0.0,0.0
2025-05-07,CONDURU,CACHOEIRO DE ITAPEMIRIM,1,1.0,0.0,0.0
2025-05-07,FLEXAL I,CARIACICA,1,1.0,0.0,0.0
2025-05-07,ILHA DO PRINCIPE,VITORIA,8,9.123545815295815,-1.1235458152958149,1.1235458152958149
2025-05-07,INHANGUETA,VITORIA,1,1.0,0.0,0.0
2025-05-07,ITAPOA,VILA VELHA,5,3.0936446886446887,1.9063553113553113,1.9063553113553113
2025-05-07,JARDIM AMERICA,CARIACICA,1,1.0,0.0,0.0
2025-05-07,JARDIM LIMOEIRO,SERRA,3,4.188327610985505,-1.188327610985505,1.188327610985505
2025-05-07,JUCUTUQUARA,VITORIA,1,1.0,0.0,0.0
2025-05-07,MORADA DE SANTA FE,CARIACICA,6,6.250136308132563,-0.2501363081325634,0.2501363081325634
2025-05-07,NITEROI,CASTELO,1,1.0,0.0,0.0
2025-05-07,NOVA CARAPINA I,SERRA,4,4.038708972496256,-0.03870897249625571,0.03870897249625571
2025-05-07,NOVA CARAPINA I,SERRA,1,1.0,0.0,0.0
2025-05-07,NOVA ROSA DA PENHA,CARIACICA,1,1.0,0.0,0.0
2025-05-07,NOVO HORIZONTE,SERRA,3,3.094066391463444,-0.09406639146344409,0.09406639146344409
2025-05-07,PARQUE RESIDENCIAL LARANJEIRAS,SERRA,1,1.0,0.0,0.0
2025-05-07,PARQUE RESIDENCIAL TUBARAO,SERRA,4,4.091721393474757,-0.09172139347475738,0.09172139347475738
2025-05-07,PARQUE RESIDENCIAL TUBARAO,SERRA,4,4.059067506041536,-0.05906750604153643,0.05906750604153643
2025-05-07,PLANALTO SERRANO,SERRA,5,4.972586489983647,0.027413510016352838,0.027413510016352838
2025-05-07,PRAIA DA COSTA,VILA VELHA,3,1.773374663819579,1.226625336180421,1.226625336180421
2025-05-07,PRAIA DO CANTO,VITORIA,1,1.0,0.0,0.0
2025-05-07,SANTA LUCIA,VITORIA,1,1.0,0.0,0.0
2025-05-07,VILA GARRIDO,VILA VELHA,1,1.0,0.0,0.0
2025-05-08,ANDORINHAS,VITORIA,1,1.0,0.0,0.0
2025-05-08,BARRA DE ITAPEMIRIM,MARATAIZES,1,1.0,0.0,0.0
2025-05-08,BENTO FERREIRA,VITORIA,1,1.0,0.0,0.0
2025-05-08,CAMPO GRANDE,CARIACICA,1,2.0055952380952378,-1.0055952380952378,1.0055952380952378
2025-05-08,CAMURUGI,GUARAPARI,1,1.0,0.0,0.0
2025-05-08,CARAPINA,SERRA,1,1.8993518961927542,-0.8993518961927542,0.8993518961927542
2025-05-08,CENTRO,LINHARES,1,1.0,0.0,0.0
2025-05-08,CENTRO,LINHARES,8,5.6326441331124055,2.3673558668875945,2.3673558668875945
2025-05-08,CENTRO,PINHEIROS,1,1.0,0.0,0.0
2025-05-08,CENTRO,VITORIA,1,9.04532415996702,-8.04532415996702,8.04532415996702
2025-05-08,COQUEIRAL DE ITAPARICA,VILA VELHA,7,7.071439239332095,-0.07143923933209528,0.07143923933209528
2025-05-08,ENSEADA DO SUA,VITORIA,1,1.0,0.0,0.0
2025-05-08,GLORIA,VILA VELHA,3,2.819237495744886,0.1807625042551142,0.1807625042551142
2025-05-08,INTERLAGOS,LINHARES,2,2.067590125550542,-0.067590125550542,0.067590125550542
2025-05-08,JARDIM AMERICA,CARIACICA,1,1.0,0.0,0.0
2025-05-08,JARDIM LAGUNA,LINHARES,2,2.008323186226823,-0.008323186226823154,0.008323186226823154
2025-05-08,JUCUTUQUARA,VITORIA,1,1.0,0.0,0.0
2025-05-08,MARBRASA,CACHOEIRO DE ITAPEMIRIM,1,1.0,0.0,0.0
2025-05-08,MUQUICABA,GUARAPARI,1,1.0,0.0,0.0
2025-05-08,MUQUICABA,GUARAPARI,1,1.0,0.0,0.0
2025-05-08,NOVA CARAPINA I,SERRA,1,1.0,0.0,0.0
2025-05-08,NOVA ROSA DA PENHA,CARIACICA,5,5.061831256981355,-0.061831256981355054,0.061831256981355054
2025-05-08,NOVA ROSA DA PENHA,CARIACICA,1,1.0,0.0,0.0
2025-05-08,OPERARIO,CARIACICA,3,3.135704588840812,-0.13570458884081216,0.13570458884081216
2025-05-08,PEROCAO,GUARAPARI,1,1.0,0.0,0.0
2025-05-08,PRAIA DE ITAPARICA,VILA VELHA,1,1.0,0.0,0.0
2025-05-08,SAO CAMILO,ARACRUZ,5,5.372251176142654,-0.3722511761426537,0.3722511761426537
2025-05-08,SAO FRANCISCO,CARIACICA,1,1.0,0.0,0.0
2025-05-08,TUCUM,CARIACICA,1,1.0,0.0,0.0
2025-05-08,VALE ENCANTADO,VILA VELHA,1,1.0,0.0,0.0
2025-05-08,VILA ISABEL,CARIACICA,1,1.0,0.0,0.0
2025-05-08,VILA MERLO,CARIACICA,2,2.0084995988612837,-0.008499598861283708,0.008499598861283708
2025-05-08,VILA NOVA DE COLARES,SERRA,5,5.085428978421374,-0.08542897842137442,0.08542897842137442
2025-05-08,VILAGE DA LUZ,CACHOEIRO DE ITAPEMIRIM,4,4.251463473209797,-0.2514634732097969,0.2514634732097969
2025-05-09,ALZIRA RAMOS,CARIACICA,1,1.0,0.0,0.0
2025-05-09,ARACAS,VILA VELHA,1,1.0,0.0,0.0
2025-05-09,BAIRRO DAS LARANJEIRAS,SERRA,1,1.0,0.0,0.0
2025-05-09,BALNEARIO DE CARAPEBUS,SERRA,1,1.0,0.0,0.0
2025-05-09,BARRO VERMELHO,VITORIA,1,1.0,0.0,0.0
2025-05-09,BELA AURORA,CARIACICA,1,1.0,0.0,0.0
2025-05-09,CAMPO GRANDE,CARIACICA,7,5.231261180516397,1.7687388194836027,1.7687388194836027
2025-05-09,CAMPO VERDE,VIANA,1,1.0,0.0,0.0
2025-05-09,CARAPINA,SERRA,1,1.7312925637258898,-0.7312925637258898,0.7312925637258898
2025-05-09,CENTRO,CACHOEIRO DE ITAPEMIRIM,2,2.0165726205540864,-0.01657262055408637,0.01657262055408637
2025-05-09,CENTRO,LINHARES,11,5.687309523809523,5.312690476190477,5.312690476190477
2025-05-09,CENTRO,MUNIZ FREIRE,1,1.0,0.0,0.0
2025-05-09,CENTRO,VITORIA,1,1.0,0.0,0.0
2025-05-09,CHACARA DO CONDE,VILA VELHA,1,1.0,0.0,0.0
2025-05-09,COBILANDIA,VILA VELHA,2,1.8080865407232884,0.19191345927671155,0.19191345927671155
2025-05-09,COQUEIRAL DE ITAPARICA,VILA VELHA,1,2.508730824730824,-1.508730824730824,1.508730824730824
2025-05-09,CRUZEIRO DO SUL,CARIACICA,4,3.323687057240315,0.6763129427596848,0.6763129427596848
2025-05-09,FATIMA,MARATAIZES,1,1.0,0.0,0.0
2025-05-09,FEU ROSA,SERRA,1,1.0,0.0,0.0
2025-05-09,FLEXAL II,CARIACICA,3,3.0111487012918428,-0.011148701291842755,0.011148701291842755
2025-05-09,FRANCISCO JORGE DA SILVA,APIACA,1,1.0,0.0,0.0
2025-05-09,GLORIA,VILA VELHA,1,1.0,0.0,0.0
2025-05-09,HELIO FERRAZ,SERRA,2,1.980554301025672,0.019445698974327907,0.019445698974327907
2025-05-09,ILHA DAS FLORES,VILA VELHA,4,3.869716962370692,0.13028303762930804,0.13028303762930804
2025-05-09,ILHA DO PRINCIPE,VITORIA,1,1.0,0.0,0.0
2025-05-09,ITACIBA,CARIACICA,2,2.1403264852712978,-0.14032648527129776,0.14032648527129776
2025-05-09,JARDIM CAMBURI,VITORIA,2,3.024358766362637,-1.0243587663626368,1.0243587663626368
2025-05-09,JOCKEY DE ITAPARICA,VILA VELHA,1,1.1738333333333335,-0.1738333333333335,0.1738333333333335
2025-05-09,LAGOA DO MEIO,LINHARES,1,1.0,0.0,0.0
2025-05-09,NOVA BRASILIA,CARIACICA,3,3.095537900741389,-0.09553790074138879,0.09553790074138879
2025-05-09,NOVA ESPERANCA,LINHARES,1,1.0,0.0,0.0
2025-05-09,NOVO BRASIL,CARIACICA,2,2.037108528218198,-0.03710852821819799,0.03710852821819799
2025-05-09,NOVO HORIZONTE,CARIACICA,9,9.092857142857142,-0.09285714285714164,0.09285714285714164
2025-05-09,OUTRO LOCAL,CARIACICA,1,1.0,0.0,0.0
2025-05-09,OUTRO LOCAL,MARATAIZES,2,1.9040967433416034,0.09590325665839661,0.09590325665839661
2025-05-09,OUTRO LOCAL,MUCURICI,3,2.992122274297807,0.007877725702193139,0.007877725702193139
2025-05-09,PARQUE MOSCOSO,VITORIA,1,1.0,0.0,0.0
2025-05-09,PARQUE RESIDENCIAL LARANJEIRAS,SERRA,5,2.472420708601743,2.527579291398257,2.527579291398257
2025-05-09,PARQUE RESIDENCIAL MESTRE ALVARO,SERRA,4,4.15939125817888,-0.15939125817888034,0.15939125817888034
2025-05-09,PAUL,VILA VELHA,1,1.0,0.0,0.0
2025-05-09,PORTO DE CARIACICA,CARIACICA,10,9.888690476190478,0.1113095238095223,0.1113095238095223
2025-05-09,PORTO DE SANTANA,CARIACICA,2,2.019953569402846,-0.019953569402845872,0.019953569402845872
2025-05-09,PRAIA DO MORRO,GUARAPARI,11,7.118356060606061,3.881643939393939,3.881643939393939
2025-05-09,REPUBLICA,VITORIA,1,1.0,0.0,0.0
2025-05-09,RESIDENCIAL CENTRO DA SERRA,SERRA,5,4.151961565054905,0.8480384349450949,0.8480384349450949
2025-05-09,ROMAO,VITORIA,1,1.0,0.0,0.0
2025-05-09,ROSA DA PENHA,CARIACICA,1,1.0,0.0,0.0
2025-05-09,SANTA LUCIA,VITORIA,1,1.0,0.0,0.0
2025-05-09,SANTO ANTONIO,VITORIA,1,1.682531746031746,-0.6825317460317459,0.6825317460317459
2025-05-09,SAO GERALDO,SERRA,1,1.0,0.0,0.0
2025-05-09,SAUACU,ARACRUZ,1,1.0,0.0,0.0
2025-05-09,SERRA DOURADA II,SERRA,1,1.0,0.0,0.0
2025-05-09,SETIBA,GUARAPARI,6,6.276988580859836,-0.276988580859836,0.276988580859836
2025-05-09,TAQUARA II,SERRA,5,5.000625237747852,-0.0006252377478519477,0.0006252377478519477
2025-05-09,VILA BATISTA,VILA VELHA,1,1.0175,-0.01750000000000007,0.01750000000000007
2025-05-09,VILA MERLO,CARIACICA,1,1.0366666666666666,-0.036666666666666625,0.036666666666666625
2025-05-09,VISTA DOURADA,CARIACICA,1,1.0,0.0,0.0
2025-05-09,VISTA MAR,CARIACICA,1,1.0366666666666666,-0.036666666666666625,0.036666666666666625
2025-05-10,ALECRIM,VILA VELHA,7,7.337621212121212,-0.33762121212121166,0.33762121212121166
2025-05-10,ALVORADA,VILA VELHA,4,4.151224069287099,-0.15122406928709875,0.15122406928709875
2025-05-10,CAMPO GRANDE,CARIACICA,1,3.3912453652026495,-2.3912453652026495,2.3912453652026495
2025-05-10,CENTRO,VITORIA,2,2.673358128901356,-0.6733581289013562,0.6733581289013562
2025-05-10,CENTRO,VITORIA,2,6.262216934402845,-4.262216934402845,4.262216934402845
2025-05-10,CENTRO VILA VELHA,VILA VELHA,1,1.0,0.0,0.0
2025-05-10,CIDADE POMAR,SERRA,1,1.0,0.0,0.0
2025-05-10,COBILANDIA,VILA VELHA,2,2.082197554079907,-0.08219755407990714,0.08219755407990714
2025-05-10,COCAL,VILA VELHA,1,1.0,0.0,0.0
2025-05-10,DIVINO ESPIRITO SANTO,VILA VELHA,5,5.132346330899724,-0.1323463308997237,0.1323463308997237
2025-05-10,FEU ROSA,SERRA,1,1.0,0.0,0.0
2025-05-10,INDEPENDENCIA,CACHOEIRO DE ITAPEMIRIM,3,3.0883061578007847,-0.08830615780078466,0.08830615780078466
2025-05-10,JOCKEY DE ITAPARICA,VILA VELHA,7,3.799159000988153,3.200840999011847,3.200840999011847
2025-05-10,JUCUTUQUARA,VITORIA,1,1.0,0.0,0.0
2025-05-10,NITEROI,PIUMA,4,3.964978798241517,0.03502120175848278,0.03502120175848278
2025-05-10,NOVA ALMEIDA CENTRO,SERRA,2,2.005688340815467,-0.005688340815467097,0.005688340815467097
2025-05-10,NOVO HORIZONTE,SERRA,1,1.2264365079365078,-0.22643650793650782,0.22643650793650782
2025-05-10,NOVO MEXICO,VILA VELHA,1,1.0,0.0,0.0
2025-05-10,NOVO PARQUE,CACHOEIRO DE ITAPEMIRIM,1,1.0,0.0,0.0
2025-05-10,OLARIA,VILA VELHA,3,3.0408620966099966,-0.04086209660999662,0.04086209660999662
2025-05-10,OUTRO LOCAL,CARIACICA,2,2.0299107523697133,-0.0299107523697133,0.0299107523697133
2025-05-10,OUTRO LOCAL,CARIACICA,1,1.0,0.0,0.0
2025-05-10,OUTRO LOCAL,JOAO NEIVA,7,6.997083333333332,0.0029166666666675667,0.0029166666666675667
2025-05-10,PARQUE RESIDENCIAL LARANJEIRAS,SERRA,2,1.9641425943143904,0.03585740568560958,0.03585740568560958
2025-05-10,PARQUE RESIDENCIAL LARANJEIRAS,SERRA,6,5.773815476190475,0.22618452380952458,0.22618452380952458
2025-05-10,PONTAL DAS GARCAS,VILA VELHA,2,1.990239906354708,0.009760093645291956,0.009760093645291956
2025-05-10,PORTO CANOA,SERRA,1,1.0,0.0,0.0
2025-05-10,PORTO DE SANTANA,CARIACICA,5,4.659067482479011,0.3409325175209892,0.3409325175209892
2025-05-10,PRAIA DA COSTA,VILA VELHA,2,1.9870134896828022,0.012986510317197775,0.012986510317197775
2025-05-10,PRAIA DE ITAPARICA,VILA VELHA,1,1.0,0.0,0.0
2025-05-10,PRAIA DE ITAPARICA,VILA VELHA,6,4.929326561663341,1.0706734383366587,1.0706734383366587
2025-05-10,PRAIA GRANDE,FUNDAO,3,3.008647915323447,-0.008647915323447108,0.008647915323447108
2025-05-10,SANTO ANDRE,VITORIA,1,1.0,0.0,0.0
2025-05-10,SANTO ANTONIO,VITORIA,4,3.1824672466827924,0.8175327533172076,0.8175327533172076
2025-05-10,SOTECO,VILA VELHA,2,2.224702282364681,-0.22470228236468115,0.22470228236468115
2025-05-11,AVISO,LINHARES,1,1.0,0.0,0.0
2025-05-11,AVISO,LINHARES,1,1.0,0.0,0.0
2025-05-11,CRUZEIRO DO SUL,CARIACICA,1,1.0,0.0,0.0
2025-05-11,DECARLI,ARACRUZ,3,3.022910933660934,-0.022910933660933885,0.022910933660933885
2025-05-11,DIVINO ESPIRITO SANTO,VILA VELHA,1,1.0,0.0,0.0
2025-05-11,DOM JOAO BATISTA,VILA VELHA,3,2.9731833438788247,0.026816656121175342,0.026816656121175342
2025-05-11,EURICO SALLES,SERRA,5,5.024553154278571,-0.0245531542785713,0.0245531542785713
2025-05-11,FEU ROSA,SERRA,1,1.0,0.0,0.0
2025-05-11,ILHA DA LUZ,CACHOEIRO DE ITAPEMIRIM,2,2.089887774664604,-0.08988777466460407,0.08988777466460407
2025-05-11,ILHA DE SANTA MARIA,VITORIA,5,5.382048523641187,-0.3820485236411866,0.3820485236411866
2025-05-11,JARDIM MARILANDIA,VILA VELHA,1,1.0,0.0,0.0
2025-05-11,LAGOA DANTAS,MARATAIZES,1,1.0,0.0,0.0
2025-05-11,LARANJEIRAS VELHA,SERRA,1,1.206404761904762,-0.20640476190476198,0.20640476190476198
2025-05-11,MORADA DE LARANJEIRAS,SERRA,1,1.0,0.0,0.0
2025-05-11,NOSSA SENHORA DA PENHA,VILA VELHA,3,2.0824134412718776,0.9175865587281224,0.9175865587281224
2025-05-11,NOVA CARAPINA I,SERRA,3,1.5344494380636526,1.4655505619363474,1.4655505619363474
2025-05-11,NOVO HORIZONTE,IBATIBA,1,1.0,0.0,0.0
2025-05-11,PLANALTO,LINHARES,1,1.0,0.0,0.0
2025-05-11,PLANETA,CARIACICA,1,1.0,0.0,0.0
2025-05-11,PORTO CANOA,SERRA,1,1.0,0.0,0.0
2025-05-11,PRAIA GRANDE,FUNDAO,4,4.015478631403017,-0.015478631403016863,0.015478631403016863
2025-05-11,SANTA CRUZ,LINHARES,1,1.0,0.0,0.0
2025-05-11,SANTA RITA,VILA VELHA,1,1.0,0.0,0.0
2025-05-11,SAO CRISTOVAO,VITORIA,1,1.0,0.0,0.0
2025-05-11,SERRA DOURADA I,SERRA,1,1.0,0.0,0.0
2025-05-11,VILA ISABEL,CARIACICA,5,4.621501490362859,0.37849850963714093,0.37849850963714093
2025-05-11,VILA RUBIM,VITORIA,4,4.326183069662449,-0.3261830696624486,0.3261830696624486
2025-05-12,ARIBIRI,VILA VELHA,2,6.100031746031745,-4.100031746031745,4.100031746031745
2025-05-12,BAIRRO DAS LARANJEIRAS,SERRA,1,1.0,0.0,0.0
2025-05-12,BALNEARIO DE CARAPEBUS,SERRA,3,3.1649624061002752,-0.16496240610027524,0.16496240610027524
2025-05-12,BARRO VERMELHO,VITORIA,1,1.0,0.0,0.0
2025-05-12,BOA VISTA,SAO MATEUS,3,2.3620251408466375,0.6379748591533625,0.6379748591533625
2025-05-12,CAMPINA GRANDE,CARIACICA,2,2.2106777098471766,-0.2106777098471766,0.2106777098471766
2025-05-12,CAMPO GRANDE,CARIACICA,1,1.62052380952381,-0.6205238095238099,0.6205238095238099
2025-05-12,CAMPO GRANDE,CARIACICA,6,3.6066328523009554,2.3933671476990446,2.3933671476990446
2025-05-12,CARAPINA,SERRA,1,1.7636341664326656,-0.7636341664326656,0.7636341664326656
2025-05-12,CARAPINA,SERRA,1,2.0876953666488554,-1.0876953666488554,1.0876953666488554
2025-05-12,CENTRAL CARAPINA,SERRA,1,1.0,0.0,0.0
2025-05-12,CENTRO,VITORIA,2,6.086850595754106,-4.086850595754106,4.086850595754106
2025-05-12,COCAL,VILA VELHA,8,5.201220586516399,2.798779413483601,2.798779413483601
2025-05-12,COLINA DE LARANJEIRAS,SERRA,1,1.0,0.0,0.0
2025-05-12,CONSOLACAO,VITORIA,4,4.025288576811128,-0.025288576811128394,0.025288576811128394
2025-05-12,DARLY SANTOS,VILA VELHA,1,1.0,0.0,0.0
2025-05-12,GRAUNA,CARIACICA,2,2.0264355700779233,-0.0264355700779233,0.0264355700779233
2025-05-12,ILHA DAS FLORES,VILA VELHA,4,3.8613855973393543,0.13861440266064573,0.13861440266064573
2025-05-12,ILHA DOS BENTOS,VILA VELHA,1,1.0,0.0,0.0
2025-05-12,INDUSTRIAL,VILA VELHA,1,1.0,0.0,0.0
2025-05-12,ITAPOA,VILA VELHA,5,3.8193086899241244,1.1806913100758756,1.1806913100758756
2025-05-12,JABURUNA,VILA VELHA,2,2.0562439189935695,-0.05624391899356951,0.05624391899356951
2025-05-12,JARDIM CAMBURI,VITORIA,1,2.759589892766746,-1.759589892766746,1.759589892766746
2025-05-12,JARDIM LIMOEIRO,SERRA,3,5.092250308181374,-2.0922503081813737,2.0922503081813737
2025-05-12,LITORANEO,SAO MATEUS,6,6.237806066945179,-0.23780606694517914,0.23780606694517914
2025-05-12,MUQUICABA,GUARAPARI,1,1.0,0.0,0.0
2025-05-12,NOVO HORIZONTE,SERRA,5,4.2071723151387115,0.7928276848612885,0.7928276848612885
2025-05-12,OUTRO LOCAL,CARIACICA,1,1.0,0.0,0.0
2025-05-12,PARQUE RESIDENCIAL LARANJEIRAS,SERRA,1,2.635160504981587,-1.6351605049815872,1.6351605049815872
2025-05-12,PRAIA DAS GAIVOTAS,VILA VELHA,21,17.769869047619043,3.230130952380957,3.230130952380957
2025-05-12,RIO MARINHO,VILA VELHA,1,1.1153928571428573,-0.1153928571428573,0.1153928571428573
2025-05-12,RUBIA,NOVA VENECIA,2,2.0664634436940084,-0.06646344369400836,0.06646344369400836
2025-05-12,SANTA BARBARA,CARIACICA,4,4.164488867519183,-0.16448886751918312,0.16448886751918312
2025-05-12,SANTA MONICA,VILA VELHA,1,1.0,0.0,0.0
2025-05-12,SAO TORQUATO,VILA VELHA,1,1.0521666666666667,-0.052166666666666694,0.052166666666666694
2025-05-12,SERRA DOURADA II,SERRA,2,2.016664053498279,-0.016664053498279152,0.016664053498279152
2025-05-12,VALPARAISO,SERRA,1,1.0,0.0,0.0
2025-05-12,VERA CRUZ,CARIACICA,2,2.0009057182275445,-0.0009057182275444831,0.0009057182275444831
2025-05-13,ARACA,LINHARES,1,1.0,0.0,0.0
2025-05-13,ARIBIRI,VILA VELHA,1,7.921288445681306,-6.921288445681306,6.921288445681306
2025-05-13,ATAIDE,VILA VELHA,1,2.486221861177627,-1.486221861177627,1.486221861177627
2025-05-13,BELA AURORA,CARIACICA,1,1.0,0.0,0.0
2025-05-13,BELO HORIZONTE,MARATAIZES,1,1.0,0.0,0.0
2025-05-13,BENTO FERREIRA,VITORIA,3,3.355081369202758,-0.3550813692027579,0.3550813692027579
2025-05-13,CACAROCA,SERRA,1,1.0,0.0,0.0
2025-05-13,CAMPINA GRANDE,CARIACICA,1,1.0,0.0,0.0
2025-05-13,CAMPO GRANDE,CARIACICA,4,3.7433246618638414,0.2566753381361586,0.2566753381361586
2025-05-13,CARAPINA,SERRA,1,2.308754341751973,-1.308754341751973,1.308754341751973
2025-05-13,CARATOIRA,VITORIA,3,3.2167536749930252,-0.21675367499302522,0.21675367499302522
2025-05-13,CASTELO BRANCO,CARIACICA,1,1.0,0.0,0.0
2025-05-13,CENTRO,ITAPEMIRIM,4,3.9550381083288992,0.04496189167110076,0.04496189167110076
2025-05-13,CENTRO,PIUMA,4,4.103376184132295,-0.1033761841322951,0.1033761841322951
2025-05-13,CENTRO,RIO NOVO DO SUL,1,1.0,0.0,0.0
2025-05-13,CENTRO,VITORIA,2,1.7938508202631795,0.20614917973682045,0.20614917973682045
2025-05-13,COHAB,SAO MATEUS,1,1.0,0.0,0.0
2025-05-13,COLINA DE LARANJEIRAS,SERRA,1,1.1407142857142858,-0.1407142857142858,0.1407142857142858
2025-05-13,COQUEIRAL DE ITAPARICA,VILA VELHA,1,1.0,0.0,0.0
2025-05-13,COQUEIRAL DE ITAPARICA,VILA VELHA,5,4.57831044798557,0.42168955201443037,0.42168955201443037
2025-05-13,FLEXAL II,CARIACICA,1,1.0,0.0,0.0
2025-05-13,GLORIA,VILA VELHA,1,1.0,0.0,0.0
2025-05-13,GLORIA,VILA VELHA,1,1.0,0.0,0.0
2025-05-13,GLORIA,VILA VELHA,3,2.6056540295830426,0.3943459704169574,0.3943459704169574
2025-05-13,ITAPOA,VILA VELHA,1,1.0,0.0,0.0
2025-05-13,ITARARE,VITORIA,2,2.0688001979418016,-0.06880019794180159,0.06880019794180159
2025-05-13,JACARANDA,MARATAIZES,1,1.0,0.0,0.0
2025-05-13,JARDIM AMERICA,CARIACICA,1,1.768834776334776,-0.768834776334776,0.768834776334776
2025-05-13,JARDIM CAMBURI,VITORIA,1,1.0,0.0,0.0
2025-05-13,JARDIM GUARANHUNS,VILA VELHA,1,1.0,0.0,0.0
2025-05-13,JOSE RODRIGUES MACIEL,LINHARES,1,1.1054166666666667,-0.10541666666666671,0.10541666666666671
2025-05-13,LARANJEIRAS VELHA,SERRA,1,1.0,0.0,0.0
2025-05-13,MANGUINHOS,SERRA,1,1.0,0.0,0.0
2025-05-13,MARCILIO DE NORONHA,VIANA,4,3.997011135495536,0.002988864504463784,0.002988864504463784
2025-05-13,MARIA ORTIZ,CACHOEIRO DE ITAPEMIRIM,2,2.0392450673447,-0.03924506734469979,0.03924506734469979
2025-05-13,OPERARIO,CARIACICA,1,2.0552681077988533,-1.0552681077988533,1.0552681077988533
2025-05-13,PARQUE RESIDENCIAL LARANJEIRAS,SERRA,1,2.5399392987964418,-1.5399392987964418,1.5399392987964418
2025-05-13,PORTO DE CARIACICA,CARIACICA,1,3.4141984126984117,-2.4141984126984117,2.4141984126984117
2025-05-13,PRAIA DE ITAPARICA,VILA VELHA,1,1.0,0.0,0.0
2025-05-13,PRAIA DE ITAPARICA,VILA VELHA,1,1.2686580901177675,-0.26865809011776753,0.26865809011776753
2025-05-13,SANTA CECILIA,CARIACICA,1,1.0,0.0,0.0
2025-05-13,SANTA RITA,VILA VELHA,1,1.0,0.0,0.0
2025-05-13,SANTO ANTONIO,CACHOEIRO DE ITAPEMIRIM,2,2.0285159718724723,-0.028515971872472345,0.028515971872472345
2025-05-13,SAO JOAO,BOM JESUS DO NORTE,1,1.0,0.0,0.0
2025-05-13,TRES DE MAIO,ALEGRE,1,1.0,0.0,0.0
2025-05-13,UNIVERSAL,VIANA,6,6.707377580342482,-0.7073775803424818,0.7073775803424818
2025-05-13,VALPARAISO,SERRA,2,1.6731237848408902,0.3268762151591098,0.3268762151591098
2025-05-13,VASCO DA GAMA,CARIACICA,6,6.50434727731218,-0.5043472773121804,0.5043472773121804
2025-05-13,VERA CRUZ,CARIACICA,1,1.0,0.0,0.0
2025-05-13,VILA CAPIXABA,CARIACICA,4,4.060544142601246,-0.06054414260124563,0.06054414260124563
2025-05-13,VILA NOVA,COLATINA,1,1.0,0.0,0.0
2025-05-13,VILA NOVA,COLATINA,1,1.0,0.0,0.0
2025-05-13,VILA RICA,CACHOEIRO DE ITAPEMIRIM,1,1.0,0.0,0.0
2025-05-13,VILA RUBIM,VITORIA,1,1.1393333333333333,-0.1393333333333333,0.1393333333333333
2025-05-14,ALVORADA,VILA VELHA,3,3.054990653857425,-0.05499065385742519,0.05499065385742519
2025-05-14,ATAIDE,VILA VELHA,1,2.0925258593207765,-1.0925258593207765,1.0925258593207765
2025-05-14,BAIRRO DE FATIMA,SERRA,1,1.0,0.0,0.0
2025-05-14,BARRA DE ITAPEMIRIM,MARATAIZES,2,1.8221692957348927,0.17783070426510728,0.17783070426510728
2025-05-14,CAMARA,SERRA,1,1.0,0.0,0.0
2025-05-14,CAMPINHO DA SERRA I,SERRA,1,1.0,0.0,0.0
2025-05-14,CENTRO,CACHOEIRO DE ITAPEMIRIM,5,4.516023478808772,0.48397652119122814,0.48397652119122814
2025-05-14,CENTRO,IRUPI,1,1.0,0.0,0.0
2025-05-14,CENTRO,PANCAS,1,1.0,0.0,0.0
2025-05-14,CENTRO,VITORIA,5,5.860594557348065,-0.8605945573480653,0.8605945573480653
2025-05-14,COLINA DE LARANJEIRAS,SERRA,1,1.4979331064394887,-0.49793310643948874,0.49793310643948874
2025-05-14,DOM JOAO BATISTA,VILA VELHA,1,1.245936507936508,-0.2459365079365079,0.2459365079365079
2025-05-14,FEU ROSA,SERRA,1,1.0,0.0,0.0
2025-05-14,ILHA DA CONCEICAO,VILA VELHA,2,2.0192979108402445,-0.01929791084024446,0.01929791084024446
2025-05-14,ILHA DAS FLORES,VILA VELHA,2,2.025451756994091,-0.025451756994090857,0.025451756994090857
2025-05-14,JARDIM LIMOEIRO,SERRA,4,3.85913862765393,0.1408613723460701,0.1408613723460701
2025-05-14,JARDIM LIMOEIRO,SERRA,1,1.0,0.0,0.0
2025-05-14,JARDIM LIMOEIRO,SERRA,1,4.608560053888396,-3.6085600538883957,3.6085600538883957
2025-05-14,LARANJEIRAS VELHA,SERRA,5,4.358388254622779,0.6416117453772214,0.6416117453772214
2025-05-14,LOTEAMENTO SILVANA,BOM JESUS DO NORTE,5,5.16279789271111,-0.16279789271110978,0.16279789271110978
2025-05-14,MARUIPE,VITORIA,2,1.9620293259998949,0.03797067400010512,0.03797067400010512
2025-05-14,NORMILIA DA CUNHA,VILA VELHA,1,1.0,0.0,0.0
2025-05-14,NOVA CARAPINA I,SERRA,1,1.0,0.0,0.0
2025-05-14,NOVA CARAPINA I,SERRA,2,1.0996904761904762,0.9003095238095238,0.9003095238095238
2025-05-14,OTTON MARINS,CACHOEIRO DE ITAPEMIRIM,1,1.0,0.0,0.0
2025-05-14,OUTRO LOCAL,SERRA,1,1.0,0.0,0.0
2025-05-14,OUTRO LOCAL,SERRA,1,1.0,0.0,0.0
2025-05-14,PLANETA,CARIACICA,4,2.554878293112303,1.4451217068876971,1.4451217068876971
2025-05-14,PRAIA DA COSTA,VILA VELHA,5,1.7214480286738356,3.2785519713261646,3.2785519713261646
2025-05-14,SANTA BARBARA,CARIACICA,3,3.0277348484848483,-0.027734848484848307,0.027734848484848307
2025-05-14,SANTA BARBARA,CARIACICA,1,1.7781063976872797,-0.7781063976872797,0.7781063976872797
2025-05-14,SERRA CENTRO,SERRA,2,2.005814220016093,-0.005814220016092886,0.005814220016092886
2025-05-14,SERRA DOURADA III,SERRA,1,1.0,0.0,0.0
2025-05-14,VILA GUARANHUNS,VILA VELHA,3,3.01925,-0.01924999999999999,0.01924999999999999
2025-05-14,VILA JETIBA,SANTA MARIA DE JETIBA,3,2.980916666666667,0.01908333333333312,0.01908333333333312
2025-05-14,VILA VERDE,PINHEIROS,1,1.0,0.0,0.0
2025-05-15,ALTO LAGE,CARIACICA,4,4.410793004327324,-0.41079300432732424,0.41079300432732424
2025-05-15,ATAIDE,VILA VELHA,1,2.205820622803001,-1.2058206228030008,1.2058206228030008
2025-05-15,BANDEIRANTES,CARIACICA,1,1.0,0.0,0.0
2025-05-15,BARRA DE ITAPEMIRIM,MARATAIZES,1,1.0,0.0,0.0
2025-05-15,BNH,LINHARES,6,6.034905527419023,-0.03490552741902331,0.03490552741902331
2025-05-15,CAMPO GRANDE,CARIACICA,1,3.2029736904017376,-2.2029736904017376,2.2029736904017376
2025-05-15,CAMPO VERDE,CARIACICA,1,1.2070357142857144,-0.20703571428571443,0.20703571428571443
2025-05-15,CANAA,VIANA,6,6.160905527419024,-0.16090552741902364,0.16090552741902364
2025-05-15,CARATOIRA,VITORIA,1,1.0,0.0,0.0
2025-05-15,CASTELANDIA,SERRA,8,7.966833333333334,0.033166666666666345,0.033166666666666345
2025-05-15,CENTRO,COLATINA,1,1.0,0.0,0.0
2025-05-15,CENTRO,LINHARES,1,1.0,0.0,0.0
2025-05-15,CENTRO,MUQUI,1,1.0,0.0,0.0
2025-05-15,CIDADE CONTINENTAL,SERRA,2,2.080817128340541,-0.080817128340541,0.080817128340541
2025-05-15,CIDADE NOVA,MARATAIZES,1,1.0,0.0,0.0
2025-05-15,COBILANDIA,VILA VELHA,1,1.0365718954248366,-0.03657189542483663,0.03657189542483663
2025-05-15,CONTINENTAL,SERRA,8,7.821833333333334,0.17816666666666592,0.17816666666666592
2025-05-15,CRISTOVAO COLOMBO,VILA VELHA,2,2.0067844521211673,-0.006784452121167295,0.006784452121167295
2025-05-15,CRUZEIRO DO SUL,CARIACICA,1,1.6185905179615705,-0.6185905179615705,0.6185905179615705
2025-05-15,DARLY SANTOS,VILA VELHA,1,1.0,0.0,0.0
2025-05-15,ENSEADA DO SUA,VITORIA,2,2.0448618481757124,-0.04486184817571237,0.04486184817571237
2025-05-15,GLORIA,VILA VELHA,2,1.8562261297418243,0.14377387025817567,0.14377387025817567
2025-05-15,GLORIA,VILA VELHA,5,3.2398057867745234,1.7601942132254766,1.7601942132254766
2025-05-15,GOIABEIRAS,VITORIA,1,1.0,0.0,0.0
2025-05-15,GRAPOAMA,ARACRUZ,1,1.0,0.0,0.0
2025-05-15,IBES,VILA VELHA,1,1.0,0.0,0.0
2025-05-15,ILHA DO PRINCIPE,VITORIA,6,5.660892857142856,0.33910714285714416,0.33910714285714416
2025-05-15,ILHA DOS BENTOS,VILA VELHA,1,1.0,0.0,0.0
2025-05-15,ITACIBA,CARIACICA,2,2.4972272592573104,-0.49722725925731037,0.49722725925731037
2025-05-15,ITAPOA,VILA VELHA,1,2.8379876150908827,-1.8379876150908827,1.8379876150908827
2025-05-15,JABURUNA,VILA VELHA,2,2.0344052259214327,-0.03440522592143269,0.03440522592143269
2025-05-15,JABURUNA,VILA VELHA,2,2.0298347156004106,-0.029834715600410622,0.029834715600410622
2025-05-15,JARDIM AMERICA,CARIACICA,2,2.0353969233738542,-0.03539692337385425,0.03539692337385425
2025-05-15,JARDIM CAMBURI,VITORIA,7,7.5229911873840445,-0.5229911873840445,0.5229911873840445
2025-05-15,JARDIM CAMBURI,VITORIA,1,2.1697254769022387,-1.1697254769022387,1.1697254769022387
2025-05-15,JARDIM COLORADO,VILA VELHA,2,2.0020255811030094,-0.002025581103009433,0.002025581103009433
2025-05-15,JARDIM DA PENHA,VITORIA,1,1.0,0.0,0.0
2025-05-15,JARDIM DA PENHA,VITORIA,1,1.6297138779095304,-0.6297138779095304,0.6297138779095304
2025-05-15,JOCKEY DE ITAPARICA,VILA VELHA,2,1.4368749999999997,0.5631250000000003,0.5631250000000003
2025-05-15,MANGUINHOS,SERRA,2,2.0045949010465107,-0.004594901046510724,0.004594901046510724
2025-05-15,MARACANA,CARIACICA,1,1.0,0.0,0.0
2025-05-15,MARCILIO DE NORONHA,VIANA,10,7.707898113790972,2.2921018862090277,2.2921018862090277
2025-05-15,MATA DA PRAIA,VITORIA,7,7.121091836734693,-0.12109183673469293,0.12109183673469293
2025-05-15,MORADA DA BARRA,VILA VELHA,1,1.0,0.0,0.0
2025-05-15,MORADA DE SANTA FE,CARIACICA,3,3.2404519260932294,-0.2404519260932294,0.2404519260932294
2025-05-15,NOVA ITAPARICA,VILA VELHA,2,2.0245629554539737,-0.02456295545397369,0.02456295545397369
2025-05-15,NOVA ROSA DA PENHA,CARIACICA,1,1.5417668464639862,-0.5417668464639862,0.5417668464639862
2025-05-15,NOVA ROSA DA PENHA,CARIACICA,2,1.687360443013824,0.31263955698617596,0.31263955698617596
2025-05-15,NOVO PORTO CANOA,SERRA,4,3.9753839461191505,0.02461605388084953,0.02461605388084953
2025-05-15,OLARIA,LINHARES,1,1.0,0.0,0.0
2025-05-15,OLARIA,VILA VELHA,1,1.0,0.0,0.0
2025-05-15,OUTRO LOCAL,LINHARES,1,1.0,0.0,0.0
2025-05-15,PARQUE RESIDENCIAL LARANJEIRAS,SERRA,7,5.800669226481659,1.1993307735183407,1.1993307735183407
2025-05-15,PARQUE RESIDENCIAL LARANJEIRAS,SERRA,3,3.837754594307595,-0.837754594307595,0.837754594307595
2025-05-15,PONTA DA FRUTA,VILA VELHA,1,1.0,0.0,0.0
2025-05-15,PRAIA DO CANTO,VITORIA,3,3.0112783591285655,-0.011278359128565452,0.011278359128565452
2025-05-15,SANTA RITA,VILA VELHA,5,4.164223972163175,0.8357760278368254,0.8357760278368254
2025-05-15,SANTANA,CARIACICA,1,1.0,0.0,0.0
2025-05-15,SANTO ANTONIO,CARIACICA,2,1.98779767148253,0.01220232851746994,0.01220232851746994
2025-05-15,SANTO ANTONIO,SAO MATEUS,1,1.0,0.0,0.0
2025-05-15,SAO TORQUATO,VILA VELHA,1,1.0175,-0.01750000000000007,0.01750000000000007
2025-05-15,SOTURNO,CACHOEIRO DE ITAPEMIRIM,1,1.0,0.0,0.0
2025-05-15,TAQUARA I,SERRA,1,1.0,0.0,0.0
2025-05-15,VILA PALESTINA,CARIACICA,1,1.7028333333333336,-0.7028333333333336,0.7028333333333336
2025-05-15,VILA RUBIM,VITORIA,1,1.0,0.0,0.0
2025-05-16,ATAIDE,VILA VELHA,1,2.3175048468297876,-1.3175048468297876,1.3175048468297876
2025-05-16,BARCELONA,SERRA,1,1.0,0.0,0.0
2025-05-16,BELA AURORA,CARIACICA,4,4.2872142937362305,-0.28721429373623053,0.28721429373623053
2025-05-16,BOA VISTA I,VILA VELHA,1,1.0,0.0,0.0
2025-05-16,CARAPINA,SERRA,2,2.0899909922004953,-0.08999099220049533,0.08999099220049533
2025-05-16,CARIACICA SEDE,CARIACICA,1,1.0,0.0,0.0
2025-05-16,CENTRO,PINHEIROS,3,3.096171437862614,-0.09617143786261417,0.09617143786261417
2025-05-16,CENTRO,VIANA,5,4.9753229185174135,0.024677081482586516,0.024677081482586516
2025-05-16,CENTRO,VITORIA,1,5.301639030052074,-4.301639030052074,4.301639030052074
2025-05-16,COSTA DOURADA,SERRA,5,5.116628568584224,-0.11662856858422366,0.11662856858422366
2025-05-16,DIVINO ESPIRITO SANTO,VILA VELHA,1,1.0,0.0,0.0
2025-05-16,ENSEADA DO SUA,VITORIA,1,1.0,0.0,0.0
2025-05-16,INTERLAGOS,LINHARES,10,6.28845108795524,3.7115489120447602,3.7115489120447602
2025-05-16,ITACIBA,CARIACICA,1,1.0,0.0,0.0
2025-05-16,ITAPOA,VILA VELHA,2,2.028755928956003,-0.028755928956003096,0.028755928956003096
2025-05-16,JARDIM BOTANICO,CARIACICA,6,4.514439281598038,1.4855607184019624,1.4855607184019624
2025-05-16,LAGOA FUNDA,MARATAIZES,1,1.0,0.0,0.0
2025-05-16,MANOEL PLAZA,SERRA,1,1.0,0.0,0.0
2025-05-16,NOVA VIANA,VIANA,1,1.0,0.0,0.0
2025-05-16,OUTRO LOCAL,GUACUI,1,1.0,0.0,0.0
2025-05-16,OUTRO LOCAL,SAO GABRIEL DA PALHA,1,1.0,0.0,0.0
2025-05-16,OUTRO LOCAL,SERRA,5,5.041177340448127,-0.04117734044812682,0.04117734044812682
2025-05-16,OUTRO LOCAL,VITORIA,1,1.0,0.0,0.0
2025-05-16,PARQUE MOSCOSO,VITORIA,4,3.0197836484456873,0.9802163515543127,0.9802163515543127
2025-05-16,PARQUE RESIDENCIAL LARANJEIRAS,SERRA,1,1.0,0.0,0.0
2025-05-16,PARQUE RESIDENCIAL MESTRE ALVARO,SERRA,3,3.045589160642153,-0.045589160642153015,0.045589160642153015
2025-05-16,PAUL,VILA VELHA,5,2.262963380678644,2.737036619321356,2.737036619321356
2025-05-16,PORTO DE CARIACICA,CARIACICA,1,4.853363761251731,-3.853363761251731,3.853363761251731
2025-05-16,PRAIA DE ITAPARICA,VILA VELHA,1,1.0,0.0,0.0
2025-05-16,PRAIA DE ITAPARICA,VILA VELHA,1,2.567940205250904,-1.567940205250904,1.567940205250904
2025-05-16,SANTO ANTONIO,CARIACICA,4,3.1859375215060095,0.8140624784939905,0.8140624784939905
2025-05-16,SOTELANDIA,CARIACICA,1,1.0,0.0,0.0
2025-05-16,TAQUARA I,SERRA,2,1.6431858229661638,0.3568141770338362,0.3568141770338362
2025-05-16,TERRA ALTA,LINHARES,1,1.0,0.0,0.0
2025-05-16,TRES BARRAS,LINHARES,1,1.0,0.0,0.0
2025-05-16,TUCUM,CARIACICA,1,1.0,0.0,0.0
2025-05-16,VILA RUBIM,VITORIA,1,1.0,0.0,0.0
2025-05-17,ARACAS,VILA VELHA,9,4.564689082945016,4.435310917054984,4.435310917054984
2025-05-17,ATAIDE,VILA VELHA,7,2.6093554859705397,4.390644514029461,4.390644514029461
2025-05-17,BAIRRO DAS LARANJEIRAS,SERRA,1,1.0,0.0,0.0
2025-05-17,BAIRRO DAS LARANJEIRAS,SERRA,4,1.7205563909774437,2.2794436090225565,2.2794436090225565
2025-05-17,BARRA DE ITAPEMIRIM,MARATAIZES,4,3.505050112745847,0.4949498872541529,0.4949498872541529
2025-05-17,BARRAMARES,VILA VELHA,1,1.0,0.0,0.0
2025-05-17,BELA VISTA,GUARAPARI,6,6.05169945188536,-0.051699451885360403,0.051699451885360403
2025-05-17,CAMPO GRANDE,CARIACICA,8,4.712895075373798,3.2871049246262016,3.2871049246262016
2025-05-17,CENTRO,COLATINA,1,1.0,0.0,0.0
2025-05-17,CENTRO,MARATAIZES,2,1.9956269338580972,0.004373066141902804,0.004373066141902804
2025-05-17,CENTRO,PINHEIROS,1,1.0,0.0,0.0
2025-05-17,CENTRO,RIO NOVO DO SUL,1,1.0,0.0,0.0
2025-05-17,CENTRO,VITORIA,1,2.6620323617115993,-1.6620323617115993,1.6620323617115993
2025-05-17,CIDADE DA BARRA,VILA VELHA,2,2.0938701460068936,-0.09387014600689358,0.09387014600689358
2025-05-17,CIDADE NOVA,MARATAIZES,1,1.0,0.0,0.0
2025-05-17,GURIGICA,VITORIA,8,8.766900793650791,-0.766900793650791,0.766900793650791
2025-05-17,ILHA DOS BENTOS,VILA VELHA,1,1.0,0.0,0.0
2025-05-17,JARDIM ATLANTICO,SERRA,1,1.0,0.0,0.0
2025-05-17,JARDIM COLORADO,VILA VELHA,2,2.1182711677905393,-0.11827116779053926,0.11827116779053926
2025-05-17,JOSE DE ANCHIETA,SERRA,5,5.169848506884948,-0.16984850688494824,0.16984850688494824
2025-05-17,MANOEL PLAZA,SERRA,1,1.0,0.0,0.0
2025-05-17,MORADA DO SOL,COLATINA,2,2.0118715375082257,-0.011871537508225671,0.011871537508225671
2025-05-17,NESTOR GOMES,SAO MATEUS,2,2.001368567202495,-0.001368567202495008,0.001368567202495008
2025-05-17,NOVA SAO MATEUS,SAO MATEUS,1,1.0,0.0,0.0
2025-05-17,OUTRO LOCAL,ITAPEMIRIM,1,1.0,0.0,0.0
2025-05-17,PADRE GABRIEL,CARIACICA,2,1.9877618664861487,0.01223813351385128,0.01223813351385128
2025-05-17,PLANALTO,ARACRUZ,6,6.205811726105395,-0.2058117261053951,0.2058117261053951
2025-05-17,PRAIA DO MORRO,GUARAPARI,3,3.7322157287157283,-0.7322157287157283,0.7322157287157283
2025-05-17,RECANTO,CACHOEIRO DE ITAPEMIRIM,2,2.029334461772092,-0.02933446177209209,0.02933446177209209
2025-05-17,RESIDENCIAL VISTA DO MESTRE,SERRA,1,1.0,0.0,0.0
2025-05-17,SANTA PAULA,CARIACICA,5,5.008247558881935,-0.00824755888193529,0.00824755888193529
2025-05-17,SAO CRISTOVAO,VITORIA,1,1.0,0.0,0.0
2025-05-17,SAO JACINTO,SAO ROQUE DO CANAA,3,2.982844720496895,0.017155279503104914,0.017155279503104914
2025-05-17,SAO LUCAS,CACHOEIRO DE ITAPEMIRIM,2,2.022808338315206,-0.02280833831520601,0.02280833831520601
2025-05-17,SAO PEDRO,SAO MATEUS,1,1.0,0.0,0.0
2025-05-17,SERNAMBY,SAO MATEUS,1,1.0,0.0,0.0
2025-05-17,SOTELANDIA,CARIACICA,6,6.238671961108487,-0.2386719611084871,0.2386719611084871
2025-05-17,TERRA VERMELHA,VILA VELHA,1,1.0,0.0,0.0
2025-05-18,BONFIM,VITORIA,1,1.0,0.0,0.0
2025-05-18,CAMPO GRANDE,CARIACICA,1,1.0,0.0,0.0
2025-05-18,CAMPO GRANDE,CARIACICA,10,4.282361111111112,5.717638888888888,5.717638888888888
2025-05-18,CARAPINA,SERRA,2,2.6132987716638496,-0.6132987716638496,0.6132987716638496
2025-05-18,CENTRO,SOORETAMA,1,1.0,0.0,0.0
2025-05-18,CENTRO,VARGEM ALTA,1,1.0,0.0,0.0
2025-05-18,CENTRO,VITORIA,1,1.6663175698999981,-0.6663175698999981,0.6663175698999981
2025-05-18,COQUEIRAL DE ITAPARICA,VILA VELHA,2,3.847797888076837,-1.8477978880768369,1.8477978880768369
2025-05-18,CRUZEIRO DO SUL,CARIACICA,1,1.0,0.0,0.0
2025-05-18,DA PENHA,VITORIA,1,1.0,0.0,0.0
2025-05-18,GLORIA,VILA VELHA,1,1.6673693299454169,-0.6673693299454169,0.6673693299454169
2025-05-18,GOIABEIRAS,VITORIA,2,1.4064074314574315,0.5935925685425685,0.5935925685425685
2025-05-18,ILHA DA LUZ,CACHOEIRO DE ITAPEMIRIM,3,2.743700149356648,0.25629985064335203,0.25629985064335203
2025-05-18,INTERLAGOS,LINHARES,2,2.171190476190476,-0.17119047619047612,0.17119047619047612
2025-05-18,ITAPOA,VILA VELHA,1,1.352440476190476,-0.352440476190476,0.352440476190476
2025-05-18,ITAPOA,VILA VELHA,5,3.600859606312753,1.3991403936872469,1.3991403936872469
2025-05-18,JACARANDA,MARATAIZES,1,1.0,0.0,0.0
2025-05-18,JARDIM AMERICA,CARIACICA,1,4.276269034177542,-3.276269034177542,3.276269034177542
2025-05-18,JOCKEY DE ITAPARICA,VILA VELHA,4,3.8578695989620404,0.1421304010379596,0.1421304010379596
2025-05-18,NOVA BRASILIA,CARIACICA,2,2.4114542221572326,-0.4114542221572326,0.4114542221572326
2025-05-18,NOVA ROSA DA PENHA,CARIACICA,1,1.0,0.0,0.0
2025-05-18,PRAIA DO CANTO,VITORIA,1,1.0,0.0,0.0
2025-05-18,RIO BRANCO,CARIACICA,5,5.053479592344817,-0.05347959234481703,0.05347959234481703
2025-05-18,ROSARIO DE FATIMA,SERRA,7,6.928273809523809,0.07172619047619122,0.07172619047619122
2025-05-18,SAO GERALDO II,CARIACICA,2,2.023625199796067,-0.02362519979606681,0.02362519979606681
2025-05-18,SERNAMBY,SAO MATEUS,1,1.0,0.0,0.0
2025-05-18,SETIBA,GUARAPARI,5,5.313343614718616,-0.31334361471861616,0.31334361471861616
2025-05-18,TAQUARA I,SERRA,1,1.140809523809524,-0.14080952380952394,0.14080952380952394
2025-05-18,VILA PALESTINA,CARIACICA,1,3.770460317460318,-2.770460317460318,2.770460317460318
2025-05-18,ZONA RURAL,VILA VALERIO,1,1.0,0.0,0.0
2025-05-19,ALTO LAGE,CARIACICA,1,1.3415119047619046,-0.3415119047619046,0.3415119047619046
2025-05-19,CARAPINA,SERRA,1,1.4570448028673835,-0.45704480286738347,0.45704480286738347
2025-05-19,CARAPINA,SERRA,6,2.4646854293877682,3.5353145706122318,3.5353145706122318
2025-05-19,CASTELANDIA,SERRA,2,2.0893408252040593,-0.08934082520405928,0.08934082520405928
2025-05-19,CENTRO,LINHARES,5,3.8203110450760507,1.1796889549239493,1.1796889549239493
2025-05-19,CENTRO,VITORIA,3,1.8739016338007082,1.1260983661992918,1.1260983661992918
2025-05-19,CIDADE DA BARRA,VILA VELHA,1,1.0322941176470588,-0.032294117647058806,0.032294117647058806
2025-05-19,COBILANDIA,VILA VELHA,1,1.0,0.0,0.0
2025-05-19,ENSEADA DO SUA,VITORIA,8,5.808358100289473,2.191641899710527,2.191641899710527
2025-05-19,EXPEDITO,CARIACICA,1,1.0,0.0,0.0
2025-05-19,FORTE SAO JOAO,VITORIA,1,1.0,0.0,0.0
2025-05-19,GLORIA,VILA VELHA,4,2.8604488078919763,1.1395511921080237,1.1395511921080237
2025-05-19,ILHA DAS FLORES,VILA VELHA,5,4.178333131209771,0.8216668687902287,0.8216668687902287
2025-05-19,INTERLAGOS,LINHARES,6,3.3879666397126744,2.6120333602873256,2.6120333602873256
2025-05-19,INTERLAGOS,LINHARES,5,3.805642175161415,1.194357824838585,1.194357824838585
2025-05-19,JARDIM AMERICA,CARIACICA,4,3.829038651352339,0.1709613486476611,0.1709613486476611
2025-05-19,JARDIM CAMBURI,VITORIA,1,2.0250184538029306,-1.0250184538029306,1.0250184538029306
2025-05-19,JARDIM DA PENHA,VITORIA,1,1.0,0.0,0.0
2025-05-19,JARDIM DA PENHA,VITORIA,1,2.7839137595478918,-1.7839137595478918,1.7839137595478918
2025-05-19,JARDIM LIMOEIRO,SERRA,1,1.0,0.0,0.0
2025-05-19,JARDIM MARILANDIA,VILA VELHA,1,1.0,0.0,0.0
2025-05-19,JOSE DE ANCHIETA,SERRA,4,3.8923872783846165,0.10761272161538349,0.10761272161538349
2025-05-19,MANOEL PLAZA,SERRA,1,1.0,0.0,0.0
2025-05-19,MARCILIO DE NORONHA,VIANA,3,3.6215295815295816,-0.6215295815295816,0.6215295815295816
2025-05-19,NOVA BRASILIA,CARIACICA,4,3.176671964477298,0.8233280355227022,0.8233280355227022
2025-05-19,NOVO MEXICO,VILA VELHA,1,1.0,0.0,0.0
2025-05-19,OUTRO LOCAL,SERRA,5,4.994306565027726,0.005693434972274147,0.005693434972274147
2025-05-19,PARQUE RESIDENCIAL LARANJEIRAS,SERRA,1,2.9867342322278385,-1.9867342322278385,1.9867342322278385
2025-05-19,PENDANGA,IBIRACU,8,8.178238095238095,-0.17823809523809508,0.17823809523809508
2025-05-19,PLANALTO,LINHARES,1,1.0,0.0,0.0
2025-05-19,PRAIA DA COSTA,VILA VELHA,2,2.0221879731063193,-0.02218797310631926,0.02218797310631926
2025-05-19,PRAIA DE ITAPARICA,VILA VELHA,2,1.241846390168971,0.7581536098310291,0.7581536098310291
2025-05-19,PRAIA DO CANTO,VITORIA,7,7.629353741496598,-0.6293537414965984,0.6293537414965984
2025-05-19,PRAIA DO CANTO,VITORIA,4,4.620921208431693,-0.6209212084316933,0.6209212084316933
2025-05-19,SANTA BARBARA,CARIACICA,3,1.852790697796825,1.147209302203175,1.147209302203175
2025-05-19,SANTA INES,VILA VELHA,1,1.0,0.0,0.0
2025-05-19,SANTO ANDRE,CARIACICA,3,3.24382110579479,-0.24382110579478988,0.24382110579478988
2025-05-19,SOLON BORGES,VITORIA,2,2.0272512010178962,-0.027251201017896243,0.027251201017896243
2025-05-19,SOTECO,VIANA,3,3.1835092731829575,-0.1835092731829575,0.1835092731829575
2025-05-19,SOTECO,VILA VELHA,1,1.0,0.0,0.0
2025-05-19,VALE ENCANTADO,VILA VELHA,6,6.8927789408867,-0.8927789408867,0.8927789408867
2025-05-19,VILA PALESTINA,CARIACICA,1,3.011754397503081,-2.011754397503081,2.011754397503081
2025-05-19,VILA PRUDENCIO,CARIACICA,3,3.1285833333333333,-0.12858333333333327,0.12858333333333327
2025-05-19,ZONA RURAL,VILA VALERIO,1,1.0,0.0,0.0
2025-05-19,ZONA RURAL,VILA VALERIO,1,1.0,0.0,0.0
2025-05-20,ARACA,LINHARES,12,11.90254761904762,0.09745238095237951,0.09745238095237951
2025-05-20,CAMPO GRANDE,CARIACICA,1,4.218718253968255,-3.2187182539682553,3.2187182539682553
2025-05-20,CARAPINA,SERRA,2,1.6310600942682245,0.3689399057317755,0.3689399057317755
2025-05-20,CARAPINA GRANDE,SERRA,1,1.0,0.0,0.0
2025-05-20,CARAPINA I,SERRA,4,4.384390358982419,-0.3843903589824187,0.3843903589824187
2025-05-20,CENTRAL CARAPINA,SERRA,4,4.055411155909416,-0.055411155909416365,0.055411155909416365
2025-05-20,CENTRO,ARACRUZ,6,6.152597446610943,-0.152597446610943,0.152597446610943
2025-05-20,CENTRO DA SERRA,SERRA,1,1.0,0.0,0.0
2025-05-20,CENTRO VILA VELHA,VILA VELHA,1,1.0,0.0,0.0
2025-05-20,ITACIBA,CARIACICA,2,2.0273844998702337,-0.027384499870233725,0.027384499870233725
2025-05-20,JARDIM CAMBURI,VITORIA,1,1.0,0.0,0.0
2025-05-20,JARDIM CAMBURI,VITORIA,2,2.0143183184902456,-0.014318318490245563,0.014318318490245563
2025-05-20,JARDIM CARAPINA,SERRA,1,1.0,0.0,0.0
2025-05-20,JARDIM DA PENHA,VITORIA,1,2.0854954069432496,-1.0854954069432496,1.0854954069432496
2025-05-20,JARDIM LIMOEIRO,SERRA,4,3.586550042563809,0.4134499574361912,0.4134499574361912
2025-05-20,JOCKEY DE ITAPARICA,VILA VELHA,1,2.4083495810346562,-1.4083495810346562,1.4083495810346562
2025-05-20,LARANJEIRAS VELHA,SERRA,1,1.0,0.0,0.0
2025-05-20,MANOEL PLAZA,SERRA,1,1.55299686716792,-0.55299686716792,0.55299686716792
2025-05-20,MATA DA PRAIA,VITORIA,1,1.0,0.0,0.0
2025-05-20,NOVO HORIZONTE,SERRA,2,1.5807753388111032,0.4192246611888968,0.4192246611888968
2025-05-20,PALMITAL,LINHARES,2,2.0613683632261477,-0.06136836322614769,0.06136836322614769
2025-05-20,PARQUE RESIDENCIAL LARANJEIRAS,SERRA,1,1.0,0.0,0.0
2025-05-20,PARQUE RESIDENCIAL LARANJEIRAS,SERRA,6,4.309305118683068,1.690694881316932,1.690694881316932
2025-05-20,PLANETA,CARIACICA,1,1.2733888888888887,-0.2733888888888887,0.2733888888888887
2025-05-20,PRAIA DO CANTO,VITORIA,1,1.0,0.0,0.0
2025-05-20,ROSARIO DE FATIMA,SERRA,3,3.005588571889104,-0.005588571889103999,0.005588571889103999
2025-05-20,ROSARIO DE FATIMA,SERRA,1,2.0443665223665226,-1.0443665223665226,1.0443665223665226
2025-05-20,SANTA MONICA,GUARAPARI,2,2.076023721650561,-0.07602372165056082,0.07602372165056082
2025-05-20,SANTANA,CARIACICA,2,1.9284774239750921,0.07152257602490786,0.07152257602490786
2025-05-20,SAO GERALDO II,CARIACICA,2,2.4449476408513875,-0.4449476408513875,0.4449476408513875
2025-05-20,SERRA CENTRO,SERRA,1,1.0,0.0,0.0
2025-05-20,TERMINAL INTERMODAL DA SERRA (TIMS),SERRA,2,2.0565314448898224,-0.056531444889822424,0.056531444889822424
2025-05-20,VALE ENCANTADO,VILA VELHA,1,1.2836666666666667,-0.28366666666666673,0.28366666666666673
2025-05-20,VILA PALESTINA,CARIACICA,2,1.9895307827700974,0.010469217229902572,0.010469217229902572
2025-05-20,VISTA DA SERRA I,SERRA,2,2.0317843884233677,-0.031784388423367727,0.031784388423367727
2025-05-20,ZONA NAO IDENTIFICADA I,VILA VELHA,1,1.0,0.0,0.0
2025-05-21,ABELARDO MACHADO,CACHOEIRO DE ITAPEMIRIM,1,1.0,0.0,0.0
2025-05-21,ALECRIM,VILA VELHA,1,3.2025161782661784,-2.2025161782661784,2.2025161782661784
2025-05-21,AREINHA,VIANA,3,3.135938022278477,-0.13593802227847718,0.13593802227847718
2025-05-21,BAIRRO NOVA BARRA,BARRA DE SAO FRANCISCO,4,4.018556313000076,-0.018556313000075875,0.018556313000075875
2025-05-21,BAIRRO NOVA BARRA,BARRA DE SAO FRANCISCO,4,4.06545623325526,-0.06545623325525973,0.06545623325525973
2025-05-21,BELA AURORA,CARIACICA,2,2.0211069430120165,-0.021106943012016544,0.021106943012016544
2025-05-21,CAMPO GRANDE,CARIACICA,2,2.5590189393939395,-0.5590189393939395,0.5590189393939395
2025-05-21,CANIVETE,LINHARES,2,2.0270555097209257,-0.02705550972092574,0.02705550972092574
2025-05-21,CENTRO,GOVERNADOR LINDENBERG,1,1.0,0.0,0.0
2025-05-21,CENTRO,LINHARES,1,1.06,-0.06000000000000005,0.06000000000000005
2025-05-21,CENTRO,SAO MATEUS,3,2.4303728481214644,0.5696271518785356,0.5696271518785356
2025-05-21,CENTRO,VITORIA,3,2.6184081196581195,0.3815918803418805,0.3815918803418805
2025-05-21,CENTRO VILA VELHA,VILA VELHA,10,2.4481807654641212,7.551819234535879,7.551819234535879
2025-05-21,DOM BOSCO,CARIACICA,12,11.93754761904762,0.06245238095237937,0.06245238095237937
2025-05-21,GILBERTO MACHADO,CACHOEIRO DE ITAPEMIRIM,3,3.011973447733493,-0.011973447733493181,0.011973447733493181
2025-05-21,GLORIA,VILA VELHA,9,3.826010594418298,5.173989405581702,5.173989405581702
2025-05-21,GOIABEIRAS,VITORIA,2,2.3879033502729157,-0.38790335027291567,0.38790335027291567
2025-05-21,GRANDE VITORIA,VITORIA,1,1.0,0.0,0.0
2025-05-21,ITAPOA,VILA VELHA,1,1.0,0.0,0.0
2025-05-21,JABOUR,VITORIA,2,1.9958808327313704,0.004119167268629598,0.004119167268629598
2025-05-21,JOANA DARC,VITORIA,3,3.079683220120446,-0.07968322012044604,0.07968322012044604
2025-05-21,JOCKEY DE ITAPARICA,VILA VELHA,4,2.7711546722944003,1.2288453277055997,1.2288453277055997
2025-05-21,MARACANA,CARIACICA,3,2.266007154867792,0.733992845132208,0.733992845132208
2025-05-21,MONTE BELO,VITORIA,3,3.1165030740536057,-0.11650307405360572,0.11650307405360572
2025-05-21,MORADA DE SANTA FE,CARIACICA,1,1.6076186234504408,-0.6076186234504408,0.6076186234504408
2025-05-21,NOSSA SENHORA DA CONCEICAO,LINHARES,1,1.0,0.0,0.0
2025-05-21,NOVA CARAPINA I,SERRA,3,2.100043422708733,0.8999565772912672,0.8999565772912672
2025-05-21,NOVA ROSA DA PENHA,CARIACICA,1,1.0,0.0,0.0
2025-05-21,NOVA VALVERDE,CARIACICA,1,1.0,0.0,0.0
2025-05-21,NOVO MEXICO,VILA VELHA,1,1.0,0.0,0.0
2025-05-21,OPERARIO,CARIACICA,1,1.0,0.0,0.0
2025-05-21,OPERARIO,CARIACICA,4,3.9395805934799197,0.060419406520080265,0.060419406520080265
2025-05-21,OUTRO LOCAL,CARIACICA,4,2.2595472461533244,1.7404527538466756,1.7404527538466756
2025-05-21,OUTRO LOCAL,NOVA VENECIA,2,1.998295772487725,0.0017042275122749473,0.0017042275122749473
2025-05-21,PARQUE GRAMADO,CARIACICA,3,3.005580455005987,-0.005580455005986806,0.005580455005986806
2025-05-21,PARQUE JACARAIPE,SERRA,1,1.0,0.0,0.0
2025-05-21,PRAIA DA COSTA,VILA VELHA,1,1.510686507936508,-0.5106865079365079,0.5106865079365079
2025-05-21,SANTA LUIZA,VITORIA,1,1.0,0.0,0.0
2025-05-21,SANTA LUZIA,CARIACICA,1,1.0,0.0,0.0
2025-05-21,SAO FRANCISCO,CARIACICA,9,5.342496708388187,3.657503291611813,3.657503291611813
2025-05-21,SAO GERALDO,SERRA,1,1.0,0.0,0.0
2025-05-21,VALE DOS REIS,CARIACICA,3,2.9947807017543857,0.00521929824561429,0.00521929824561429
2025-05-21,VILA CAPIXABA,CARIACICA,1,2.1218235774082546,-1.1218235774082546,1.1218235774082546
2025-05-21,VILA INDEPENDENCIA,CARIACICA,1,1.0,0.0,0.0
2025-05-22,ANDRE CARLONI,SERRA,3,3.1918759954666682,-0.19187599546666823,0.19187599546666823
2025-05-22,ARIBIRI,VILA VELHA,1,1.0,0.0,0.0
2025-05-22,ARIBIRI,VILA VELHA,1,6.722775787484773,-5.722775787484773,5.722775787484773
2025-05-22,ATAIDE,VILA VELHA,2,1.7939088085827217,0.20609119141727827,0.20609119141727827
2025-05-22,BAIRRO DAS LARANJEIRAS,SERRA,6,3.907361211370226,2.092638788629774,2.092638788629774
2025-05-22,BARRA DO JUCU,VILA VELHA,6,4.683900509956657,1.3160994900433431,1.3160994900433431
2025-05-22,BOA SORTE,CARIACICA,4,4.241382764154701,-0.24138276415470106,0.24138276415470106
2025-05-22,CAMPINA GRANDE,CARIACICA,1,1.0,0.0,0.0
2025-05-22,CAMPO ACIMA,ITAPEMIRIM,1,1.0,0.0,0.0
2025-05-22,CENTRO,BOA ESPERANCA,2,2.02733353782422,-0.027333537824219878,0.027333537824219878
2025-05-22,CENTRO,LINHARES,3,3.0990277777777773,-0.09902777777777727,0.09902777777777727
2025-05-22,COBILANDIA,VILA VELHA,1,1.6748938395003452,-0.6748938395003452,0.6748938395003452
2025-05-22,COLINA DE LARANJEIRAS,SERRA,1,1.0,0.0,0.0
2025-05-22,COLINA DE LARANJEIRAS,SERRA,2,1.6390543780572429,0.36094562194275714,0.36094562194275714
2025-05-22,DARLY SANTOS,VILA VELHA,1,1.0,0.0,0.0
2025-05-22,DOUTOR GILBERTO MACHADO,CACHOEIRO DE ITAPEMIRIM,6,6.147064879561134,-0.14706487956113357,0.14706487956113357
2025-05-22,FEU ROSA,SERRA,1,1.0,0.0,0.0
2025-05-22,ILHA DAS CAIEIRAS,VITORIA,2,2.07063935716142,-0.07063935716141989,0.07063935716141989
2025-05-22,JABURUNA,VILA VELHA,1,1.0398611111111111,-0.039861111111111125,0.039861111111111125
2025-05-22,JARDIM CAMBURI,VITORIA,1,1.0,0.0,0.0
2025-05-22,JARDIM DA PENHA,VITORIA,3,2.363993565019228,0.6360064349807719,0.6360064349807719
2025-05-22,JARDIM TROPICAL,SERRA,2,2.973279873674061,-0.9732798736740609,0.9732798736740609
2025-05-22,JOANA DARC,VITORIA,1,1.0,0.0,0.0
2025-05-22,JOCKEY DE ITAPARICA,VILA VELHA,2,1.9794635034554986,0.020536496544501404,0.020536496544501404
2025-05-22,LARANJEIRAS VELHA,SERRA,7,3.109122802504173,3.890877197495827,3.890877197495827
2025-05-22,LINHARES V,LINHARES,6,6.0564047064009605,-0.056404706400960514,0.056404706400960514
2025-05-22,MATA DA PRAIA,VITORIA,1,1.0,0.0,0.0
2025-05-22,MORADA DA BARRA,VILA VELHA,1,1.0,0.0,0.0
2025-05-22,NOVA CARAPINA I,SERRA,1,1.1916190476190476,-0.19161904761904758,0.19161904761904758
2025-05-22,OUTRO LOCAL,NOVA VENECIA,1,1.0433333333333332,-0.043333333333333224,0.043333333333333224
2025-05-22,PADRE GABRIEL,CARIACICA,2,2.05534698239044,-0.05534698239043978,0.05534698239043978
2025-05-22,PARQUE MOSCOSO,VITORIA,1,1.4114444444444445,-0.4114444444444445,0.4114444444444445
2025-05-22,PARQUE RESIDENCIAL LARANJEIRAS,SERRA,1,1.0,0.0,0.0
2025-05-22,PLANALTO,LINHARES,1,1.0,0.0,0.0
2025-05-22,PORTO CANOA,SERRA,1,1.0,0.0,0.0
2025-05-22,PORTO DE SANTANA,CARIACICA,1,1.4006311170907946,-0.4006311170907946,0.4006311170907946
2025-05-22,PRAIA DE ITAPARICA,VILA VELHA,1,1.0,0.0,0.0
2025-05-22,RIVIERA DA BARRA,VILA VELHA,1,1.0,0.0,0.0
2025-05-22,SANTA LUIZA,VITORIA,1,1.0,0.0,0.0
2025-05-22,SANTANA,CARIACICA,9,3.947319899719983,5.052680100280017,5.052680100280017
2025-05-22,SANTO ANTONIO,CARIACICA,3,2.2558782378687976,0.7441217621312024,0.7441217621312024
2025-05-22,SANTO ANTONIO,SAO MATEUS,1,1.0,0.0,0.0
2025-05-22,SAO FRANCISCO,SERRA,3,3.101599433023117,-0.10159943302311714,0.10159943302311714
2025-05-22,TAQUARA II,SERRA,7,6.083922052154196,0.9160779478458041,0.9160779478458041
2025-05-22,VILA CAPIXABA,CARIACICA,1,2.4090838621345974,-1.4090838621345974,1.4090838621345974
2025-05-23,BAIRRO DAS LARANJEIRAS,SERRA,1,2.749253685927599,-1.7492536859275991,1.7492536859275991
2025-05-23,BAIRRO DE FATIMA,SERRA,1,1.0,0.0,0.0
2025-05-23,BALNEARIO PONTA DA FRUTA,VILA VELHA,1,1.0,0.0,0.0
2025-05-23,BENTO FERREIRA,VITORIA,1,1.13375,-0.13375000000000004,0.13375000000000004
2025-05-23,BENTO FERREIRA,VITORIA,3,3.3620599385619196,-0.36205993856191965,0.36205993856191965
2025-05-23,BOA VISTA,SAO MATEUS,2,1.3650793650793651,0.6349206349206349,0.6349206349206349
2025-05-23,CAMPINA GRANDE,CARIACICA,1,1.0,0.0,0.0
2025-05-23,CAMPINA GRANDE,CARIACICA,1,1.316361111111111,-0.3163611111111111,0.3163611111111111
2025-05-23,CAMPO BELO,CARIACICA,2,2.0115359187766013,-0.011535918776601317,0.011535918776601317
2025-05-23,CAMPO GRANDE,CARIACICA,1,5.467503244008462,-4.467503244008462,4.467503244008462
2025-05-23,CASTELO BRANCO,CARIACICA,2,1.7734474070187034,0.2265525929812966,0.2265525929812966
2025-05-23,CENTRO,VITORIA,1,1.8818629594275569,-0.8818629594275569,0.8818629594275569
2025-05-23,COBILANDIA,VILA VELHA,1,1.718262803892967,-0.718262803892967,0.718262803892967
2025-05-23,CRUZEIRO DO SUL,CARIACICA,1,1.0783333333333334,-0.07833333333333337,0.07833333333333337
2025-05-23,DA PENHA,VITORIA,1,1.0,0.0,0.0
2025-05-23,DIVINO ESPIRITO SANTO,VILA VELHA,1,1.0,0.0,0.0
2025-05-23,DOM BOSCO,CARIACICA,1,2.970773809523809,-1.9707738095238092,1.9707738095238092
2025-05-23,FERROVIARIOS,CACHOEIRO DE ITAPEMIRIM,2,1.9839520390487246,0.016047960951275364,0.016047960951275364
2025-05-23,FORTE SAO JOAO,VITORIA,1,1.0,0.0,0.0
2025-05-23,ITAPOA,VILA VELHA,7,3.181567167336246,3.818432832663754,3.818432832663754
2025-05-23,JARDIM DA PENHA,VITORIA,1,1.0,0.0,0.0
2025-05-23,JOSE DE ANCHIETA,SERRA,1,2.9986972069445152,-1.9986972069445152,1.9986972069445152
2025-05-23,MARINGA,SERRA,1,1.0,0.0,0.0
2025-05-23,OUTRO LOCAL,CARIACICA,1,1.2917817460317462,-0.2917817460317462,0.2917817460317462
2025-05-23,OUTRO LOCAL,GUACUI,1,1.0,0.0,0.0
2025-05-23,OUTRO LOCAL,VILA VELHA,1,1.3370806945723996,-0.33708069457239964,0.33708069457239964
2025-05-23,PARQUE RESIDENCIAL LARANJEIRAS,SERRA,1,1.0,0.0,0.0
2025-05-23,PARQUE RESIDENCIAL LARANJEIRAS,SERRA,4,3.226693190419035,0.7733068095809652,0.7733068095809652
2025-05-23,PRAIA DA COSTA,VILA VELHA,1,1.050047619047619,-0.050047619047618896,0.050047619047618896
2025-05-23,PRAIA DA COSTA,VILA VELHA,1,2.0979474670504423,-1.0979474670504423,1.0979474670504423
2025-05-23,RESIDENCIAL JACARAIPE,SERRA,1,1.0,0.0,0.0
2025-05-23,RIO BRANCO,CARIACICA,2,2.01089287339855,-0.010892873398550051,0.010892873398550051
2025-05-23,SANTA INES,VILA VELHA,1,1.0,0.0,0.0
2025-05-23,SANTA INES,VILA VELHA,14,7.768113997113999,6.231886002886001,6.231886002886001
2025-05-23,SAO DIOGO II,SERRA,1,1.0,0.0,0.0
2025-05-23,SAO JOSE,ARACRUZ,1,1.0,0.0,0.0
2025-05-23,SEAC,JAGUARE,5,5.010019434053338,-0.010019434053337939,0.010019434053337939
2025-05-23,SERNAMBY,SAO MATEUS,1,1.0,0.0,0.0
2025-05-23,SOTECO,VILA VELHA,1,1.0,0.0,0.0
2025-05-23,TABAJARA,CARIACICA,3,3.1567550607287456,-0.15675506072874557,0.15675506072874557
2025-05-23,VALE ENCANTADO,VILA VELHA,1,1.0,0.0,0.0
2025-05-23,VILA CAPIXABA,CARIACICA,1,1.0,0.0,0.0
2025-05-23,VILA RICA,CACHOEIRO DE ITAPEMIRIM,13,13.247238095238096,-0.24723809523809592,0.24723809523809592
2025-05-23,VILA RUBIM,VITORIA,3,2.619647183317799,0.3803528166822008,0.3803528166822008
2025-05-23,VILA RUBIM,VITORIA,2,2.8159087856587854,-0.8159087856587854,0.8159087856587854
2025-05-23,ZONA RURAL,BARRA DE SAO FRANCISCO,2,1.9817520628540377,0.01824793714596229,0.01824793714596229
2025-05-23,ZONA RURAL,IUNA,4,4.2134513838711225,-0.2134513838711225,0.2134513838711225
2025-05-23,ZONA RURAL,SAO MATEUS,1,1.0,0.0,0.0
2025-05-24,ALVORADA,VILA VELHA,1,1.0,0.0,0.0
2025-05-24,BAIRRO DAS LARANJEIRAS,SERRA,1,1.0,0.0,0.0
2025-05-24,BARCELONA,SERRA,1,1.0,0.0,0.0
2025-05-24,BARRA DE ITAPEMIRIM,MARATAIZES,1,1.0382380952380952,-0.03823809523809518,0.03823809523809518
2025-05-24,BENTO FERREIRA,VITORIA,3,3.4148209649751204,-0.41482096497512044,0.41482096497512044
2025-05-24,CENTRO,CACHOEIRO DE ITAPEMIRIM,1,1.0,0.0,0.0
2025-05-24,CENTRO,VITORIA,1,2.2314831033158065,-1.2314831033158065,1.2314831033158065
2025-05-24,CENTRO,VITORIA,3,2.0179032544740156,0.9820967455259844,0.9820967455259844
2025-05-24,CENTRO DA SERRA,SERRA,1,1.0,0.0,0.0
2025-05-24,CENTRO VILA VELHA,VILA VELHA,1,1.0,0.0,0.0
2025-05-24,CENTRO VILA VELHA,VILA VELHA,1,1.0,0.0,0.0
2025-05-24,COLINA DE LARANJEIRAS,SERRA,2,2.0419819008638043,-0.04198190086380427,0.04198190086380427
2025-05-24,COSTA DOURADA,SERRA,1,1.3416666666666666,-0.34166666666666656,0.34166666666666656
2025-05-24,GURIGICA,VITORIA,3,4.445718614718615,-1.445718614718615,1.445718614718615
2025-05-24,ILHA DO PRINCIPE,VITORIA,1,6.487515567765566,-5.487515567765566,5.487515567765566
2025-05-24,ITAPOA,VILA VELHA,1,2.5357582972582966,-1.5357582972582966,1.5357582972582966
2025-05-24,ITAUNAS,CONCEICAO DA BARRA,6,7.235865297533967,-1.2358652975339668,1.2358652975339668
2025-05-24,JACUHY,SERRA,2,2.0861888256584904,-0.0861888256584904,0.0861888256584904
2025-05-24,LARANJEIRAS VELHA,SERRA,1,1.0,0.0,0.0
2025-05-24,LARANJEIRAS VELHA,SERRA,4,2.6868906926406924,1.3131093073593076,1.3131093073593076
2025-05-24,MUCURI,CARIACICA,2,1.9971737965696088,0.0028262034303911943,0.0028262034303911943
2025-05-24,NOVA ROSA DA PENHA,CARIACICA,3,3.9427888981840624,-0.9427888981840624,0.9427888981840624
2025-05-24,NOVO HORIZONTE,SERRA,1,1.9461507228068533,-0.9461507228068533,0.9461507228068533
2025-05-24,OUTRO LOCAL,CARIACICA,3,2.0253136177509985,0.9746863822490015,0.9746863822490015
2025-05-24,PARQUE JACARAIPE,SERRA,1,2.7046047885949935,-1.7046047885949935,1.7046047885949935
2025-05-24,PARQUE RESIDENCIAL LARANJEIRAS,SERRA,1,3.1717270075066915,-2.1717270075066915,2.1717270075066915
2025-05-24,PINHEIRINHO,PINHEIROS,1,1.0,0.0,0.0
2025-05-24,PLANETA,CARIACICA,1,1.6460568564574984,-0.6460568564574984,0.6460568564574984
2025-05-24,PONTA DA FRUTA,VILA VELHA,3,2.9836487323169116,0.016351267683088366,0.016351267683088366
2025-05-24,PONTAL DO IPIRANGA,LINHARES,1,1.0,0.0,0.0
2025-05-24,PORTO DE CARIACICA,CARIACICA,3,4.825469032261658,-1.8254690322616582,1.8254690322616582
2025-05-24,PRAIA DA COSTA,VILA VELHA,1,1.4691609248552384,-0.4691609248552384,0.4691609248552384
2025-05-24,PRAIA DE ITAPARICA,VILA VELHA,1,1.02,-0.020000000000000018,0.020000000000000018
2025-05-24,PRAIA DO CANTO,VITORIA,1,2.379699855699856,-1.3796998556998559,1.3796998556998559
2025-05-24,PRAIA DO MORRO,GUARAPARI,1,4.758818952494789,-3.7588189524947886,3.7588189524947886
2025-05-24,RESIDENCIAL CENTRO DA SERRA,SERRA,1,1.0,0.0,0.0
2025-05-24,RIO MARINHO,VILA VELHA,1,1.0,0.0,0.0
2025-05-24,RIO MARINHO,VILA VELHA,1,1.8637703321603722,-0.8637703321603722,0.8637703321603722
2025-05-24,ROSARIO DE FATIMA,SERRA,9,7.694658704390848,1.3053412956091517,1.3053412956091517
2025-05-24,SAO JORGE,CONCEICAO DA BARRA,2,1.9982945546347768,0.0017054453652232127,0.0017054453652232127
2025-05-24,VALPARAISO,SERRA,5,5.010496268973959,-0.010496268973959388,0.010496268973959388
2025-05-24,VILA CAPIXABA,CARIACICA,2,2.4624923294346535,-0.46249232943465346,0.46249232943465346
2025-05-24,VILA DO RIACHO,ARACRUZ,1,1.0,0.0,0.0
2025-05-24,VILA PALESTINA,CARIACICA,2,2.944348016850686,-0.9443480168506859,0.9443480168506859
2025-05-24,VILA RUBIM,VITORIA,2,2.0700333973858673,-0.07003339738586734,0.07003339738586734
2025-05-24,VISTA MAR,CARIACICA,2,1.7476068200805046,0.2523931799194954,0.2523931799194954
2025-05-25,ATAIDE,VILA VELHA,1,2.4593733294003575,-1.4593733294003575,1.4593733294003575
2025-05-25,BAIRRO NOVA BARRA,BARRA DE SAO FRANCISCO,1,1.4232023809523806,-0.4232023809523806,0.4232023809523806
2025-05-25,BONSUCESSO,APIACA,1,1.0,0.0,0.0
2025-05-25,CAMPO GRANDE,CARIACICA,1,1.0,0.0,0.0
2025-05-25,CENTRO,IBIRACU,2,2.0178097540054565,-0.01780975400545648,0.01780975400545648
2025-05-25,CENTRO VILA VELHA,VILA VELHA,1,1.0,0.0,0.0
2025-05-25,CENTRO VILA VELHA,VILA VELHA,4,2.124243368054783,1.875756631945217,1.875756631945217
2025-05-25,COLINA DE LARANJEIRAS,SERRA,1,1.0,0.0,0.0
2025-05-25,CRISTOVAO COLOMBO,VILA VELHA,4,2.896492968312876,1.103507031687124,1.103507031687124
2025-05-25,DIVINO ESPIRITO SANTO,VILA VELHA,5,3.1928364492346843,1.8071635507653157,1.8071635507653157
2025-05-25,DOUTOR GILSON CARONE,CACHOEIRO DE ITAPEMIRIM,3,3.0061510037283234,-0.006151003728323445,0.006151003728323445
2025-05-25,GOIABEIRAS,VITORIA,2,3.541238713668511,-1.5412387136685108,1.5412387136685108
2025-05-25,INTERLAGOS,LINHARES,1,2.54971978021978,-1.54971978021978,1.54971978021978
2025-05-25,ITAPOA,VILA VELHA,1,3.0276674712852105,-2.0276674712852105,2.0276674712852105
2025-05-25,JACUPEMBA,ARACRUZ,1,1.0,0.0,0.0
2025-05-25,JARDIM CAMBURI,VITORIA,1,1.0,0.0,0.0
2025-05-25,JARDIM LIMOEIRO,SERRA,1,1.0,0.0,0.0
2025-05-25,JARDIM MARILANDIA,VILA VELHA,1,1.0,0.0,0.0
2025-05-25,MARUIPE,VITORIA,1,1.0,0.0,0.0
2025-05-25,MONTE BELO,VITORIA,3,3.04123988544483,-0.04123988544482993,0.04123988544482993
2025-05-25,NOVA CARAPINA II,SERRA,3,3.057300488679,-0.05730048867900006,0.05730048867900006
2025-05-25,NOVA ROSA DA PENHA,CARIACICA,1,1.0,0.0,0.0
2025-05-25,NOVO HORIZONTE,SERRA,1,1.0,0.0,0.0
2025-05-25,NOVO MEXICO,VILA VELHA,3,1.8430435425805698,1.1569564574194302,1.1569564574194302
2025-05-25,PARQUE RESIDENCIAL LARANJEIRAS,SERRA,2,2.7277977155865485,-0.7277977155865485,0.7277977155865485
2025-05-25,PRAIA DA COSTA,VILA VELHA,2,2.1414985307829304,-0.1414985307829304,0.1414985307829304
2025-05-25,PRAIA DAS GAIVOTAS,VILA VELHA,1,5.523916666666667,-4.523916666666667,4.523916666666667
2025-05-25,QUILOMBO,IUNA,3,3.005117722086732,-0.005117722086732002,0.005117722086732002
2025-05-25,RIO MARINHO,VILA VELHA,3,3.055642779935959,-0.05564277993595912,0.05564277993595912
2025-05-25,RIVIERA DA BARRA,VILA VELHA,1,1.0,0.0,0.0
2025-05-25,SANTO ANTONIO,VITORIA,1,1.3772380952380954,-0.3772380952380954,0.3772380952380954
2025-05-25,SANTO ANTONIO,VITORIA,1,2.7903635977774344,-1.7903635977774344,1.7903635977774344
2025-05-25,VALE ENCANTADO,VILA VELHA,3,2.985047101449276,0.014952898550724125,0.014952898550724125
2025-05-26,AQUIDABAN,CACHOEIRO DE ITAPEMIRIM,1,1.0,0.0,0.0
2025-05-26,ARACA,LINHARES,3,3.056243568565261,-0.056243568565260915,0.056243568565260915
2025-05-26,BAIRRO DAS LARANJEIRAS,SERRA,1,1.0,0.0,0.0
2025-05-26,BAIRRO DAS LARANJEIRAS,SERRA,1,1.0,0.0,0.0
2025-05-26,BALNEARIO DE CARAPEBUS,SERRA,1,1.0,0.0,0.0
2025-05-26,BOA VISTA DO SUL,MARATAIZES,1,1.0,0.0,0.0
2025-05-26,BONFIM,VITORIA,3,2.2623508180783394,0.7376491819216606,0.7376491819216606
2025-05-26,CAMPO GRANDE,CARIACICA,1,1.0,0.0,0.0
2025-05-26,CAMPO GRANDE,CARIACICA,2,2.0992006609018237,-0.09920066090182367,0.09920066090182367
2025-05-26,CAMPO GRANDE,CARIACICA,2,3.873940255931432,-1.8739402559314322,1.8739402559314322
2025-05-26,CANIVETE,LINHARES,1,1.0,0.0,0.0
2025-05-26,CENTRO,VITORIA,2,1.6916845286845286,0.30831547131547143,0.30831547131547143
2025-05-26,CIDADE DA BARRA,VILA VELHA,6,3.2275071905679384,2.7724928094320616,2.7724928094320616
2025-05-26,CIVIT II,SERRA,1,1.0,0.0,0.0
2025-05-26,DIVINO ESPIRITO SANTO,VILA VELHA,1,1.0,0.0,0.0
2025-05-26,DIVINO ESPIRITO SANTO,VILA VELHA,2,1.0876666666666668,0.9123333333333332,0.9123333333333332
2025-05-26,GLORIA,VILA VELHA,1,1.0,0.0,0.0
2025-05-26,GUANDU,CACHOEIRO DE ITAPEMIRIM,49,17.541345238095236,31.458654761904764,31.458654761904764
2025-05-26,ITACIBA,CARIACICA,1,1.0,0.0,0.0
2025-05-26,NOVA ESPERANCA,LINHARES,1,1.0,0.0,0.0
2025-05-26,NOVA ROSA DA PENHA,CARIACICA,1,1.129330687830688,-0.1293306878306879,0.1293306878306879
2025-05-26,PARQUE JACARAIPE,SERRA,5,4.154148674873633,0.8458513251263673,0.8458513251263673
2025-05-26,PARQUE RESIDENCIAL LARANJEIRAS,SERRA,7,3.03433473329485,3.96566526670515,3.96566526670515
2025-05-26,PORTO DE SANTANA,CARIACICA,2,2.093018738056527,-0.09301873805652683,0.09301873805652683
2025-05-26,PRAIA DE ITAPARICA,VILA VELHA,1,1.0,0.0,0.0
2025-05-26,RIO QUARTEL,LINHARES,6,6.036616131880245,-0.03661613188024493,0.03661613188024493
2025-05-26,SANTA MARTHA,VITORIA,2,2.104527524362168,-0.10452752436216795,0.10452752436216795
2025-05-26,SANTO ANDRE,VITORIA,4,4.034298032191924,-0.0342980321919244,0.0342980321919244
2025-05-26,SANTO ANTONIO,VITORIA,2,2.5939728553592074,-0.5939728553592074,0.5939728553592074
2025-05-26,SAO FRANCISCO,CARIACICA,1,1.0,0.0,0.0
2025-05-26,SAO FRANCISCO,CARIACICA,1,1.0,0.0,0.0
2025-05-26,SAO JUDAS TADEU,SERRA,4,4.046615193031628,-0.04661519303162809,0.04661519303162809
2025-05-26,SAO JUDAS TADEU,SERRA,1,1.0,0.0,0.0
2025-05-26,TIMBUI,FUNDAO,1,1.0,0.0,0.0
2025-05-26,VILA VERDE,SAO ROQUE DO CANAA,2,2.0184808764382707,-0.018480876438270677,0.018480876438270677
2025-05-26,VISTA DA SERRA I,SERRA,1,1.018,-0.018000000000000016,0.018000000000000016
2025-05-27,ARGOLAS,VILA VELHA,1,1.0,0.0,0.0
2025-05-27,BELA VISTA,GUARAPARI,2,2.0665094452939017,-0.06650944529390168,0.06650944529390168
2025-05-27,CAMPINA GRANDE,CARIACICA,5,4.204898186814577,0.7951018131854228,0.7951018131854228
2025-05-27,CAMPINA GRANDE,CARIACICA,2,2.1683992932076737,-0.16839929320767366,0.16839929320767366
2025-05-27,CAMPO GRANDE,CARIACICA,3,3.727311072912997,-0.7273110729129968,0.7273110729129968
2025-05-27,CASTELO BRANCO,CARIACICA,3,2.882765884938793,0.11723411506120707,0.11723411506120707
2025-05-27,CENTRO,COLATINA,1,1.0376274509803922,-0.03762745098039222,0.03762745098039222
2025-05-27,CENTRO,VITORIA,1,1.0,0.0,0.0
2025-05-27,CENTRO,VITORIA,1,1.241059523809524,-0.2410595238095239,0.2410595238095239
2025-05-27,CENTRO,VITORIA,1,1.380218253968254,-0.3802182539682539,0.3802182539682539
2025-05-27,CIDADE NOVA,MARATAIZES,1,1.0,0.0,0.0
2025-05-27,DARLY SANTOS,VILA VELHA,4,4.192431475937704,-0.19243147593770438,0.19243147593770438
2025-05-27,DIVINO ESPIRITO SANTO,VILA VELHA,3,2.952852412293589,0.04714758770641092,0.04714758770641092
2025-05-27,DOM BOSCO,CARIACICA,1,1.0,0.0,0.0
2025-05-27,ENSEADA DO SUA,VITORIA,4,4.018330561386789,-0.018330561386789235,0.018330561386789235
2025-05-27,ENSEADA DO SUA,VITORIA,127,17.4320992063492,109.56790079365081,109.56790079365081
2025-05-27,GLORIA,VILA VELHA,1,2.610712898508808,-1.6107128985088082,1.6107128985088082
2025-05-27,ILHA DOS AYRES,VILA VELHA,2,2.0429514330062264,-0.04295143300622639,0.04295143300622639
2025-05-27,JAMBEIRO,SAO MATEUS,2,2.010402555707147,-0.010402555707146988,0.010402555707146988
2025-05-27,JARDIM AMERICA,CARIACICA,1,1.1288690476190477,-0.12886904761904772,0.12886904761904772
2025-05-27,JARDIM AMERICA,CARIACICA,2,2.768387484590633,-0.7683874845906331,0.7683874845906331
2025-05-27,JOSE DE ANCHIETA,SERRA,1,2.713634358736988,-1.713634358736988,1.713634358736988
2025-05-27,JUCUTUQUARA,VITORIA,5,3.3298323301340957,1.6701676698659043,1.6701676698659043
2025-05-27,LAGOA FUNDA,MARATAIZES,1,1.0,0.0,0.0
2025-05-27,NOVA BRASILIA,CARIACICA,1,1.0,0.0,0.0
2025-05-27,NOVA ESPERANCA,LINHARES,1,1.0,0.0,0.0
2025-05-27,OUTRO LOCAL,MARATAIZES,1,1.0725714285714287,-0.07257142857142873,0.07257142857142873
2025-05-27,OUTRO LOCAL,SAO GABRIEL DA PALHA,1,1.0,0.0,0.0
2025-05-27,PADRE GABRIEL,CARIACICA,1,1.4824091288828132,-0.4824091288828132,0.4824091288828132
2025-05-27,PIRANEMA,CARIACICA,2,2.05216549816012,-0.05216549816011984,0.05216549816011984
2025-05-27,PORTO DE SANTANA,CARIACICA,1,1.0,0.0,0.0
2025-05-27,PRAIA DA COSTA,VILA VELHA,8,2.7820086016439087,5.217991398356091,5.217991398356091
2025-05-27,PRAIA DAS GAIVOTAS,VILA VELHA,1,8.868860028860027,-7.868860028860027,7.868860028860027
2025-05-27,PRAIA DE ITAPARICA,VILA VELHA,1,1.0,0.0,0.0
2025-05-27,PRAIA DE ITAPARICA,VILA VELHA,1,1.0,0.0,0.0
2025-05-27,PRAIA DO MORRO,GUARAPARI,1,4.368990952583557,-3.368990952583557,3.368990952583557
2025-05-27,RESISTENCIA,VITORIA,3,3.1008656460246753,-0.10086564602467529,0.10086564602467529
2025-05-27,RIO BRANCO,CARIACICA,1,1.5713082642190286,-0.5713082642190286,0.5713082642190286
2025-05-27,SANTA CECILIA,CARIACICA,1,1.0,0.0,0.0
2025-05-27,SANTA HELENA,VITORIA,1,1.0,0.0,0.0
2025-05-27,SANTA LUZIA,SERRA,1,1.0,0.0,0.0
2025-05-27,SANTA MONICA,BAIXO GUANDU,1,1.0,0.0,0.0
2025-05-27,SANTO ANDRE,CARIACICA,1,1.6861666666666661,-0.6861666666666661,0.6861666666666661
2025-05-27,SANTO ANTONIO,VITORIA,4,2.3974412384210773,1.6025587615789227,1.6025587615789227
2025-05-27,SERNAMBY,SAO MATEUS,1,1.0,0.0,0.0
2025-05-27,VILA CAPIXABA,CARIACICA,1,2.1136724104701945,-1.1136724104701945,1.1136724104701945
2025-05-27,VILA NOVA DE COLARES,SERRA,1,1.0,0.0,0.0
2025-05-27,VILA PALESTINA,CARIACICA,3,2.4164186507936507,0.5835813492063493,0.5835813492063493
2025-05-28,ARACAS,VILA VELHA,1,1.0,0.0,0.0
2025-05-28,ATAIDE,VILA VELHA,6,2.4467700542992294,3.5532299457007706,3.5532299457007706
2025-05-28,AVISO,LINHARES,3,2.138227485988065,0.861772514011935,0.861772514011935
2025-05-28,BALNEARIO DE CARAPEBUS,SERRA,3,2.2059301874573993,0.7940698125426007,0.7940698125426007
2025-05-28,CAMPO GRANDE,CARIACICA,7,4.282065528260433,2.717934471739567,2.717934471739567
2025-05-28,CAMPO GRANDE,CARIACICA,1,1.0,0.0,0.0
2025-05-28,CAMPO GRANDE,CARIACICA,5,4.399432049313862,0.6005679506861377,0.6005679506861377
2025-05-28,CAMPO GRANDE,CARIACICA,1,4.118564813201769,-3.118564813201769,3.118564813201769
2025-05-28,CARAPINA,SERRA,2,1.3444166666666668,0.6555833333333332,0.6555833333333332
2025-05-28,CENTRO,ARACRUZ,1,1.5032783503046665,-0.5032783503046665,0.5032783503046665
2025-05-28,CENTRO,CACHOEIRO DE ITAPEMIRIM,1,1.5443611753743334,-0.5443611753743334,0.5443611753743334
2025-05-28,CENTRO,ITAPEMIRIM,5,4.890001056318778,0.1099989436812221,0.1099989436812221
2025-05-28,CENTRO,PIUMA,1,1.0,0.0,0.0
2025-05-28,CENTRO,VITORIA,1,2.2560758621838706,-1.2560758621838706,1.2560758621838706
2025-05-28,COQUEIRAL DE ITAPARICA,VILA VELHA,1,1.0,0.0,0.0
2025-05-28,COQUEIRAL DE ITAPARICA,VILA VELHA,1,1.0,0.0,0.0
2025-05-28,ESTANCIA MONAZITICA,SERRA,1,1.0,0.0,0.0
2025-05-28,FEU ROSA,SERRA,4,2.7843432968991952,1.2156567031008048,1.2156567031008048
2025-05-28,GLORIA,VILA VELHA,1,1.0,0.0,0.0
2025-05-28,GLORIA,VILA VELHA,1,4.013030069908196,-3.013030069908196,3.013030069908196
2025-05-28,GOIABEIRAS,VITORIA,1,1.0295238095238095,-0.029523809523809508,0.029523809523809508
2025-05-28,ITAPOA,VILA VELHA,4,4.51244236890352,-0.5124423689035202,0.5124423689035202
2025-05-28,ITARARE,VITORIA,1,1.0,0.0,0.0
2025-05-28,JABURUNA,VILA VELHA,1,1.3179926400281945,-0.3179926400281945,0.3179926400281945
2025-05-28,JARDIM AMERICA,CARIACICA,6,4.577159738971469,1.4228402610285311,1.4228402610285311
2025-05-28,JARDIM CAMBURI,VITORIA,2,1.7698335855025524,0.23016641449744757,0.23016641449744757
2025-05-28,JARDIM LIMOEIRO,SERRA,7,3.39544751951079,3.60455248048921,3.60455248048921
2025-05-28,JUCUTUQUARA,VITORIA,1,1.0,0.0,0.0
2025-05-28,LARANJEIRAS VELHA,SERRA,2,3.427759315696802,-1.427759315696802,1.427759315696802
2025-05-28,MANGUINHOS,SERRA,1,1.0,0.0,0.0
2025-05-28,MARACANA,CARIACICA,1,1.3323571428571432,-0.33235714285714324,0.33235714285714324
2025-05-28,MARUIPE,VITORIA,5,2.7154532758015564,2.2845467241984436,2.2845467241984436
2025-05-28,MONTE AGHA,PIUMA,1,1.0,0.0,0.0
2025-05-28,MORADA DE LARANJEIRAS,SERRA,1,1.0,0.0,0.0
2025-05-28,NOVA BRASILIA,CARIACICA,6,3.3347082683547877,2.6652917316452123,2.6652917316452123
2025-05-28,OUTRO LOCAL,LINHARES,1,1.0,0.0,0.0
2025-05-28,PALMITAL,LINHARES,1,1.0,0.0,0.0
2025-05-28,PARQUE RESIDENCIAL LARANJEIRAS,SERRA,1,2.8434079465895086,-1.8434079465895086,1.8434079465895086
2025-05-28,PONTAL DAS GARCAS,VILA VELHA,1,1.0,0.0,0.0
2025-05-28,PORTO DE SANTANA,CARIACICA,1,1.0,0.0,0.0
2025-05-28,PRAIA DA COSTA,VILA VELHA,1,1.2967920423428838,-0.2967920423428838,0.2967920423428838
2025-05-28,PRAIA DE ITAPARICA,VILA VELHA,3,2.4526542949063335,0.5473457050936665,0.5473457050936665
2025-05-28,PRAIA DO CANTO,VITORIA,2,3.029572787193685,-1.0295727871936848,1.0295727871936848
2025-05-28,REDENCAO,VITORIA,1,1.0,0.0,0.0
2025-05-28,RESIDENCIAL CENTRO DA SERRA,SERRA,1,1.0,0.0,0.0
2025-05-28,RESIDENCIAL JABAETE,VILA VELHA,1,1.0,0.0,0.0
2025-05-28,RIO BRANCO,CARIACICA,3,4.134911240494757,-1.1349112404947572,1.1349112404947572
2025-05-28,SANTANA,CARIACICA,1,2.022297619047619,-1.022297619047619,1.022297619047619
2025-05-28,SANTO ANTONIO,COLATINA,1,1.0,0.0,0.0
2025-05-28,SAO CRISTOVAO,VITORIA,4,2.8848124359823184,1.1151875640176816,1.1151875640176816
2025-05-28,SAO JUDAS TADEU,GUARAPARI,1,1.0,0.0,0.0
2025-05-28,SAO PATRICIO,SERRA,1,1.0,0.0,0.0
2025-05-28,SOTECO,VILA VELHA,1,1.0,0.0,0.0
2025-05-28,SOTECO,VILA VELHA,1,1.856375939849624,-0.856375939849624,0.856375939849624
2025-05-28,SOTELANDIA,CARIACICA,3,2.448151751877024,0.5518482481229761,0.5518482481229761
2025-05-28,TAQUARA I,SERRA,4,3.5209308387149223,0.4790691612850777,0.4790691612850777
2025-05-28,VARGEM GRANDE,VARGEM ALTA,1,1.0,0.0,0.0
2025-05-28,VILA CAPIXABA,CARIACICA,2,1.9702727928627386,0.029727207137261402,0.029727207137261402
2025-05-28,VILA NOVA,VILA VALERIO,1,1.0,0.0,0.0
2025-05-28,VILA PRUDENCIO,CARIACICA,5,5.268430834408524,-0.268430834408524,0.268430834408524
2025-05-29,AQUIDABAN,CACHOEIRO DE ITAPEMIRIM,8,5.16384800151083,2.8361519984891697,2.8361519984891697
2025-05-29,ARACAS,VILA VELHA,1,1.0,0.0,0.0
2025-05-29,ARACAS,VILA VELHA,1,3.1118412698412703,-2.1118412698412703,2.1118412698412703
2025-05-29,AREINHA,VIANA,1,1.0,0.0,0.0
2025-05-29,ATAIDE,VILA VELHA,2,3.0367342409052935,-1.0367342409052935,1.0367342409052935
2025-05-29,BALNEARIO DE CARAPEBUS,SERRA,1,1.1086666666666667,-0.10866666666666669,0.10866666666666669
2025-05-29,BARCELONA,SERRA,1,1.0,0.0,0.0
2025-05-29,BONFIM,VITORIA,2,2.0661510341473583,-0.06615103414735835,0.06615103414735835
2025-05-29,CAMPO GRANDE,CARIACICA,1,1.1360833333333331,-0.1360833333333331,0.1360833333333331
2025-05-29,CAMPO GRANDE,CARIACICA,2,2.0564246031746034,-0.056424603174603405,0.056424603174603405
2025-05-29,CAMPO GRANDE,CARIACICA,1,1.330154761904762,-0.330154761904762,0.330154761904762
2025-05-29,CARAPINA,SERRA,1,1.0763333333333334,-0.07633333333333336,0.07633333333333336
2025-05-29,CENTRAL CARAPINA,SERRA,1,1.0,0.0,0.0
2025-05-29,CENTRAL CARAPINA,SERRA,2,2.9921150793650786,-0.9921150793650786,0.9921150793650786
2025-05-29,CENTRO,LINHARES,3,5.486023458543878,-2.486023458543878,2.486023458543878
2025-05-29,CENTRO VILA VELHA,VILA VELHA,1,1.2433333333333332,-0.24333333333333318,0.24333333333333318
2025-05-29,CRUZEIRO DO SUL,CARIACICA,1,2.9902621868015804,-1.9902621868015804,1.9902621868015804
2025-05-29,DIAMANTINA,SERRA,1,1.0,0.0,0.0
2025-05-29,DOMICIANO,PINHEIROS,1,1.0,0.0,0.0
2025-05-29,ENSEADA DO SUA,VITORIA,2,2.047378735897075,-0.047378735897074975,0.047378735897074975
2025-05-29,EURICO SALLES,SERRA,1,1.0,0.0,0.0
2025-05-29,GRAUNA,CARIACICA,1,1.0,0.0,0.0
2025-05-29,GUARANHUNS,VILA VELHA,1,1.0,0.0,0.0
2025-05-29,HELIO FERRAZ,SERRA,1,1.0,0.0,0.0
2025-05-29,ILHA DE SANTA MARIA,VITORIA,2,2.1197732465144665,-0.11977324651446652,0.11977324651446652
2025-05-29,INDEPENDENCIA,CACHOEIRO DE ITAPEMIRIM,1,1.0,0.0,0.0
2025-05-29,IPIRANGA,GUARAPARI,2,1.991012591673245,0.008987408326754931,0.008987408326754931
2025-05-29,ITAPOA,VILA VELHA,2,3.033845441803891,-1.0338454418038912,1.0338454418038912
2025-05-29,JARDIM ATLANTICO,SERRA,9,9.002785714285714,-0.0027857142857143913,0.0027857142857143913
2025-05-29,JARDIM GUARANHUNS,VILA VELHA,1,1.0,0.0,0.0
2025-05-29,LARANJEIRAS VELHA,SERRA,1,4.725699269949666,-3.725699269949666,3.725699269949666
2025-05-29,MANGUINHOS,SERRA,1,1.0,0.0,0.0
2025-05-29,NOSSA SENHORA DA PENHA,VILA VELHA,5,4.914532996023394,0.08546700397660612,0.08546700397660612
2025-05-29,NOVA CARAPINA I,SERRA,1,1.6326364661085722,-0.6326364661085722,0.6326364661085722
2025-05-29,OUTRO LOCAL,CARIACICA,1,1.0,0.0,0.0
2025-05-29,PARQUE RESIDENCIAL MESTRE ALVARO,SERRA,1,1.2820122655122657,-0.28201226551226566,0.28201226551226566
2025-05-29,PITANGA,SERRA,1,1.0,0.0,0.0
2025-05-29,PRAIA DO CANTO,VITORIA,2,1.9484383388654165,0.05156166113458349,0.05156166113458349
2025-05-29,SANTA HELENA,VITORIA,1,1.0,0.0,0.0
2025-05-29,SANTA LUCIA,VITORIA,1,1.0,0.0,0.0
2025-05-29,SANTANA,CARIACICA,4,4.216725430432308,-0.21672543043230785,0.21672543043230785
2025-05-29,SAO FRANCISCO,CARIACICA,3,2.9674234931734933,0.0325765068265067,0.0325765068265067
2025-05-29,SAO FRANCISCO,SERRA,1,1.5332622655122652,-0.5332622655122652,0.5332622655122652
2025-05-29,SAO GERALDO,CARIACICA,1,1.0,0.0,0.0
2025-05-29,SERRA CENTRO,SERRA,1,1.0,0.0,0.0
2025-05-29,VILA BATISTA,VILA VELHA,2,1.964819438192558,0.03518056180744189,0.03518056180744189
2025-05-30,ALTO NOVA ALMEIDA,MARECHAL FLORIANO,2,2.0723973436767316,-0.07239734367673156,0.07239734367673156
2025-05-30,BAIRRO IRMAOS FERNANDES,BARRA DE SAO FRANCISCO,2,2.0136517325351164,-0.013651732535116423,0.013651732535116423
2025-05-30,BALNEARIO DE CARAPEBUS,SERRA,3,2.9487028021210606,0.05129719787893938,0.05129719787893938
2025-05-30,BARRA DE ITAPEMIRIM,MARATAIZES,1,1.0,0.0,0.0
2025-05-30,BNH,CACHOEIRO DE ITAPEMIRIM,1,1.0,0.0,0.0
2025-05-30,CAMPO ACIMA,ITAPEMIRIM,1,1.0,0.0,0.0
2025-05-30,CAMPO GRANDE,CARIACICA,5,2.6124085430967505,2.3875914569032495,2.3875914569032495
2025-05-30,CARAPINA,SERRA,2,1.8559477273578475,0.14405227264215248,0.14405227264215248
2025-05-30,CENTRO,CONCEICAO DA BARRA,1,1.0,0.0,0.0
2025-05-30,CENTRO,MARATAIZES,2,2.051085151806079,-0.051085151806078866,0.051085151806078866
2025-05-30,CENTRO,VIANA,1,1.0,0.0,0.0
2025-05-30,COMDUSA,VITORIA,3,3.0044048255665903,-0.004404825566590276,0.004404825566590276
2025-05-30,CONJUNTO JACARAIPE,SERRA,1,1.0,0.0,0.0
2025-05-30,COQUEIRAL DE ITAPARICA,VILA VELHA,1,3.1983599309225337,-2.1983599309225337,2.1983599309225337
2025-05-30,DIVINO ESPIRITO SANTO,VILA VELHA,1,1.0,0.0,0.0
2025-05-30,DIVINO ESPIRITO SANTO,VILA VELHA,1,1.9701843749599204,-0.9701843749599204,0.9701843749599204
2025-05-30,FLEXAL I,CARIACICA,4,4.1593825532388555,-0.15938255323885553,0.15938255323885553
2025-05-30,GURIRI,SAO MATEUS,1,1.0,0.0,0.0
2025-05-30,INTERLAGOS,LINHARES,1,4.091656567165445,-3.091656567165445,3.091656567165445
2025-05-30,JARDIM DA PENHA,VITORIA,1,1.0,0.0,0.0
2025-05-30,JOSE DE ANCHIETA,SERRA,4,3.2000098594272277,0.7999901405727723,0.7999901405727723
2025-05-30,JOSE RODRIGUES MACIEL,LINHARES,1,1.0,0.0,0.0
2025-05-30,MARACANA,CARIACICA,1,1.0,0.0,0.0
2025-05-30,NOVA CAMPO GRANDE,CARIACICA,1,1.0,0.0,0.0
2025-05-30,NOVO HORIZONTE,SERRA,7,4.9012535677272275,2.0987464322727725,2.0987464322727725
2025-05-30,OUTRO LOCAL,LINHARES,4,3.945337432112965,0.05466256788703516,0.05466256788703516
2025-05-30,OUTRO LOCAL,MARATAIZES,1,1.0,0.0,0.0
2025-05-30,OUTRO LOCAL,SAO MATEUS,3,3.0714241374673166,-0.07142413746731657,0.07142413746731657
2025-05-30,PAUL,VILA VELHA,2,1.2486666666666668,0.7513333333333332,0.7513333333333332
2025-05-30,PRAIA DA COSTA,VILA VELHA,2,2.001495317943399,-0.001495317943398966,0.001495317943398966
2025-05-30,PRAIA DA COSTA,VILA VELHA,3,1.9460656222445827,1.0539343777554173,1.0539343777554173
2025-05-30,SANTA MARTHA,VITORIA,2,2.2805778058857884,-0.2805778058857884,0.2805778058857884
2025-05-30,SAO FRANCISCO,CARIACICA,3,2.06650552129454,0.9334944787054602,0.9334944787054602
2025-05-30,SAO LOURENCO,SERRA,3,3.10281696549065,-0.10281696549064989,0.10281696549064989
2025-05-30,SAO LUCAS,CACHOEIRO DE ITAPEMIRIM,1,1.0708333333333335,-0.07083333333333353,0.07083333333333353
2025-05-30,SAO PEDRO,VITORIA,1,1.0,0.0,0.0
2025-05-30,SERRA CENTRO,SERRA,1,1.0,0.0,0.0
2025-05-30,VALPARAISO,BAIXO GUANDU,1,1.0,0.0,0.0
2025-05-31,BOA MIRA,BOA ESPERANCA,4,4.014765431335091,-0.014765431335090895,0.014765431335090895
2025-05-31,CACAROCA,CARIACICA,2,2.0568644654453085,-0.05686446544530854,0.05686446544530854
2025-05-31,CAMPO GRANDE,CARIACICA,2,1.7601156367041202,0.2398843632958798,0.2398843632958798
2025-05-31,CARIACICA SEDE,CARIACICA,1,1.0,0.0,0.0
2025-05-31,CENTRO,CACHOEIRO DE ITAPEMIRIM,5,3.5483712200407433,1.4516287799592567,1.4516287799592567
2025-05-31,CENTRO,VIANA,7,5.775127523615099,1.2248724763849008,1.2248724763849008
2025-05-31,COLINA DA SERRA,SERRA,3,3.0201372247463576,-0.020137224746357596,0.020137224746357596
2025-05-31,COQUEIRAL DE ITAPARICA,VILA VELHA,1,1.0,0.0,0.0
2025-05-31,COQUEIRAL DE ITAPARICA,VILA VELHA,4,3.1226218714692693,0.8773781285307307,0.8773781285307307
2025-05-31,CRISTOVAO COLOMBO,VILA VELHA,1,1.0,0.0,0.0
2025-05-31,ENSEADA DO SUA,VITORIA,1,66.67430158730158,-65.67430158730158,65.67430158730158
2025-05-31,ENSEADA DO SUA,VITORIA,1,1.0232777777777777,-0.02327777777777773,0.02327777777777773
2025-05-31,GLORIA,VILA VELHA,3,3.6190143625777114,-0.6190143625777114,0.6190143625777114
2025-05-31,GURIRI,SAO MATEUS,3,2.1693343776267837,0.8306656223732163,0.8306656223732163
2025-05-31,HELIO FERRAZ,SERRA,1,1.0312777777777777,-0.03127777777777774,0.03127777777777774
2025-05-31,ILHA DAS FLORES,VILA VELHA,2,3.070272968446881,-1.070272968446881,1.070272968446881
2025-05-31,JARDIM CAMBURI,VITORIA,1,1.0,0.0,0.0
2025-05-31,JARDIM CAMBURI,VITORIA,3,2.2686018052257793,0.7313981947742207,0.7313981947742207
2025-05-31,JARDIM LIMOEIRO,SERRA,1,3.1632182539682536,-2.1632182539682536,2.1632182539682536
2025-05-31,JOCKEY DE ITAPARICA,VILA VELHA,2,2.1457087714178216,-0.14570877141782157,0.14570877141782157
2025-05-31,MANGUINHOS,SERRA,4,2.069740748965668,1.930259251034332,1.930259251034332
2025-05-31,MORADA DA BARRA,VILA VELHA,1,1.0,0.0,0.0
2025-05-31,NOVA CANAA,MARATAIZES,1,1.0,0.0,0.0
2025-05-31,ORIENTE,CARIACICA,2,1.9959911592130573,0.004008840786942747,0.004008840786942747
2025-05-31,PARQUE RESIDENCIAL LARANJEIRAS,SERRA,1,3.883464047722236,-2.883464047722236,2.883464047722236
2025-05-31,PRAIA DO CANTO,VITORIA,2,2.0674973210441463,-0.0674973210441463,0.0674973210441463
2025-05-31,RIO MARINHO,VILA VELHA,4,2.9749265675219605,1.0250734324780395,1.0250734324780395
2025-05-31,ROMAO,VITORIA,1,1.0,0.0,0.0
2025-05-31,SANTA CECILIA,CARIACICA,1,1.0,0.0,0.0
2025-05-31,SANTANA,CARIACICA,1,2.250169064194064,-1.250169064194064,1.250169064194064
2025-05-31,ULISSES GUIMARAES,VILA VELHA,1,1.0,0.0,0.0
